CD_RGINT,precip_max_mds1,precip_max_mds2,precip_max_mds3
1101.0,-6.864730155402922,-14.284551340981,-11.353995308828338
1102.0,-6.1582579808475515,-11.622226139742502,-7.087413034941736
1201.0,-7.385526726027573,-10.72087729185527,-9.964827318535294
1202.0,-7.31128418668594,-8.31110512856091,-14.607464629401033
1301.0,0.07794803240769932,-11.252858386358133,-26.93536521366719
1302.0,-5.408966896414956,-9.769854622296675,-25.470232907169468
1303.0,-6.287109645341425,-14.99284249101584,-15.874414404526647
1304.0,1.9611650396948765,-15.389384280500927,-24.78025004859466
1401.0,20.561829649753705,18.325503441790605,-20.032055840591255
1402.0,16.843127005904655,4.356949644578567,-33.04517756005869
1501.0,11.149155614257609,-20.294065018908515,-21.017740024631657
1502.0,12.52999804156238,-16.294997096066275,-17.440821636161754
1503.0,0.3917141521214626,-14.115833408087385,-9.160839532340953
1504.0,-3.5880041250718313,-11.192763936197759,-5.0217766255403875
1505.0,2.3464917457287457,-14.655968964713672,-19.466858697286114
1506.0,3.802353535505729,-11.882056499796706,-12.750163221014525
1507.0,12.344226189351055,-20.87507718083637,-25.909399185217094
1601.0,14.20984961178191,-12.217580523849259,-20.094764127376507
1602.0,12.510691966854013,-14.93242781824192,-24.34869875247591
1701.0,-5.348345185566361,-12.052574209458683,-2.5845446894379243
1702.0,-2.0334150399909054,-10.644495356289776,-3.0977434251874048
1703.0,-4.695200182058389,-9.682460225370694,1.0350344371569855
2101.0,12.895410130778755,-13.154508065906313,-10.517574738953446
2102.0,7.870573835321043,-11.432526452015065,-6.868572252770748
2103.0,7.47827651234771,-11.111627933425735,-2.5298224319485776
2104.0,2.9989699317209744,-7.662805182521115,1.8834091988092658
2105.0,0.29046512286458226,-7.064163330308726,1.084368020734127
2201.0,7.868864947065231,-6.63497638836457,4.0574177953737935
2202.0,12.351437895590301,-7.944362618671691,0.9925102278138468
2203.0,6.53871933173722,1.6611552907731895,14.06678580357277
2204.0,3.853166256668005,2.9047128027762823,14.6496893614721
2205.0,0.6885678686266229,-1.168232376563616,9.424226221862574
2206.0,2.547992413434716,-2.521348676135003,8.468427920718375
2301.0,12.142714023693552,-0.648403308045386,6.751872918782787
2302.0,11.162264103588827,3.093017423823024,12.099005290782133
2303.0,9.699242474058048,2.1286983917335194,12.723319808811919
2304.0,8.680339675227867,1.9522471151554992,13.3803270409496
2305.0,9.58705746540031,3.1970045008960906,13.756468733148676
2306.0,11.896101122997273,-2.6845649110107033,5.802479522973409
2401.0,10.856115013595815,10.028571115578151,12.887968206982766
2402.0,9.850357239920433,7.410910461475337,18.28699024977432
2403.0,10.872442485043653,4.956675650958783,14.477317039815983
2501.0,10.378660946924608,11.89396213901949,10.300981460202076
2502.0,8.971864753305082,11.000443534027935,18.251133297390883
2503.0,9.460253923477262,6.4091858069516805,17.817727173316566
2504.0,9.876595326387777,4.562598744879021,15.46067963773412
2601.0,10.08287650334153,13.557537564777197,9.582177923488413
2602.0,8.712277079320726,12.714744302983997,15.625348558646387
2603.0,8.468128598098136,8.885809534708917,19.14820190302621
2604.0,7.460692829857153,6.318487441710371,17.22146759116708
2701.0,11.442603911765246,15.672919397170208,5.740718796437354
2702.0,9.3606852899096,14.04508642863688,15.834032456282694
2801.0,10.35115307846986,14.570020581980783,9.662219531302453
2802.0,8.823737669695014,14.103225561415064,14.228601385495084
2901.0,7.617005333392817,13.96972009620802,8.414517429174294
2902.0,3.523060091666936,14.350538292003463,7.505319304004607
2903.0,-2.278034036436965,8.724594508539141,7.923297076777687
2904.0,-0.47127879300085973,7.553824819348029,12.1778643221122
2905.0,-2.279264779484268,3.0218058382047888,14.338465561852036
2906.0,-2.169409474804418,-0.8320272997563725,9.644528064476365
2907.0,1.1346681317982326,5.109535174760341,16.853010288541466
2908.0,4.55217286245931,9.248659925758345,18.419148126493518
2909.0,7.002575481665172,13.009162095875618,18.678563574322247
2910.0,3.6036700197981912,10.736144532197326,15.676521646281238
3101.0,-5.635452600241941,-2.7934970505013785,6.392952046939085
3102.0,-3.853700258113031,0.8505809391378772,11.267659958783208
3103.0,-4.099209172363703,2.884639446752377,9.786542699042498
3104.0,-5.217663199574731,0.5769496950242916,8.217590919483886
3105.0,-5.8331057014510685,-1.677192858994784,6.005014512322039
3106.0,-7.595747641747879,-3.243271159927949,2.1841917418946792
3107.0,-6.973600392145694,-3.6971562606159596,3.123023696970596
3108.0,-6.090061670298275,-4.182001637308025,2.8175323335062914
3109.0,-7.79709146438347,-4.900128087413713,-1.023229547201395
3110.0,-4.910342520665322,-4.439008186038566,3.4440107135824287
3111.0,-4.098753998413287,-3.5497564596696503,5.5701398945556395
3112.0,-5.580333697780543,-4.734328336415464,5.412944187465291
3113.0,-5.689965105462703,-3.908036769244768,5.103363209984382
3201.0,-6.221327415138768,2.292955296648548,3.2841588225214124
3202.0,-4.729151040250306,3.7039753936371045,7.7606389279755135
3203.0,-5.312947201551747,1.9867773267875377,8.796379088148846
3204.0,-7.4139516265403405,0.35318113993189887,2.8518557230969637
3301.0,-4.8085866468467975,-2.611957619829356,-3.105015105243123
3302.0,-6.716641882547048,-6.262325732583422,-3.618309852729908
3303.0,-7.576690874018759,-3.6219927806160306,-0.6932880811514948
3304.0,-5.748766217743669,-0.06561954654844991,4.743957507447603
3305.0,-4.980704718211918,2.332134924180928,2.4619183337621684
3501.0,-5.432121051798735,-3.738959829597059,-6.915384606580464
3502.0,-3.3651086577720752,0.7075337183586913,-1.506033164454115
3503.0,-2.535987677464159,-0.13341057515955082,3.3145227106338058
3504.0,-3.0816283880286384,0.04957950568679035,1.634640291737779
3505.0,-2.552552638975469,1.2398459705066542,2.775154576645879
3506.0,-2.3957087278269054,-1.4127300634591715,3.870813983948791
3507.0,-2.941331047821508,-1.949923228293166,4.426394295780736
3508.0,-4.082290652085396,-1.9356754024378173,4.585634157268438
3509.0,-3.2500049302887235,-0.21348684316774105,4.45727485021603
3510.0,-4.196661758461347,-0.9984819992497691,1.857810704428614
3511.0,-5.398940211367723,-2.9721172930874244,-2.352702040254176
4101.0,-5.675742128392739,3.814962811184599,-8.493845888682115
4102.0,-6.111023264537546,7.948972713793982,-9.59703858443055
4103.0,-5.9301689780520785,9.228509848970132,-11.354734836327102
4104.0,-4.048442222721456,5.882658284230659,-3.5949086324291475
4105.0,-3.7769164272761735,3.6346706864476253,-1.5719094979570447
4106.0,-5.1662780662586085,5.947586895932238,-4.589264610304504
4201.0,-5.567747346986258,2.7421550809293667,-12.883378057991981
4202.0,-5.410287577255235,5.751173453631808,-11.679531260504135
4203.0,-6.794902960701617,9.576387856827669,-12.599381814619685
4204.0,-6.883726678234861,10.511705786626766,-14.760264633872671
4205.0,-6.959015767519407,7.50466385454992,-10.269813063665307
4206.0,-6.326733981450773,3.776892476586225,-10.866744128368927
4207.0,-5.569876746712718,5.632704700373743,-10.743798049293316
4301.0,-4.4786536341364345,14.12547112074096,-12.462889617135243
4302.0,-2.5649737188028285,15.353268016504487,-4.2931402051349234
4303.0,-4.64260489981416,14.094533539306077,-11.478844898102155
4304.0,-5.209771265087728,12.431172165826043,-8.01103734081
4305.0,-5.6115666497210475,12.633834365063823,-16.20549007557891
4306.0,-5.675173841860635,13.543652575247336,-17.008731689083643
4307.0,-4.816195341887823,12.63128837049278,-15.798626657612996
4308.0,-5.015966025274122,13.647467250806002,-13.619633179687543
5001.0,-2.853038644543223,-1.5119320258915037,2.469761452548552
5002.0,-4.362904109960938,5.222119785553092,-2.1479399806768638
5003.0,-2.7394624177669145,1.9261184754664176,0.14831415500774855
5101.0,-3.6089189601658633,-7.877241231804728,-0.08962058253559958
5102.0,-3.279949625278194,-6.206376690601011,-0.14769366329365297
5103.0,-7.164723285172235,-13.757506456605544,-5.999100586057348
5104.0,-5.637912474930396,-10.475214997436778,-0.9467116297988655
5105.0,-4.635069035157836,-8.058716929173839,0.49505094480680717
5201.0,-5.245294765924916,-7.4678696876776804,2.78008894945671
5202.0,-4.073417599728547,-5.057555936845921,4.681910611637884
5203.0,-3.3025551511639497,-4.495669934076865,4.157835773371317
5204.0,-5.001745292728615,-7.957024720033133,2.959910073481206
5205.0,-6.22293881183183,-9.358699382030942,1.8549962878405313
5206.0,-4.462775401810035,-5.7070085182923345,4.989174683697451
5301.0,-6.458879172573736,-4.998154939958084,5.373245440175069
