CD_RGINT,precip_med_mds1,precip_med_mds2,precip_med_mds3
1101.0,-1.4131549981695752,-5.4277795176688395,-2.473261282953822
1102.0,-0.8788664731156413,-3.838263020840797,-1.206839570386403
1201.0,-1.1550865898307865,-3.5681230721867165,-1.8682107362796985
1202.0,-1.123475357221172,-2.897436580487797,-2.7776354903939264
1301.0,-0.7376794446871756,-6.728980301456955,-6.591409907376882
1302.0,-2.0665365047422948,-5.604141426847668,-6.213777603775173
1303.0,-1.8197843014802992,-7.071415011559301,-3.6740243629662954
1304.0,-0.8242607561841532,-8.462031936143157,-5.628051084428481
1401.0,6.909176168469944,-0.4378501273053076,-7.42195450245211
1402.0,3.488555491452851,-5.178040010196965,-10.625078354544172
1501.0,2.482597160797993,-9.39982014925077,-4.326651114570275
1502.0,3.1252572137856647,-7.33977034623106,-3.41682923819216
1503.0,-0.04761965797751882,-7.248202036834497,-2.6169699259532284
1504.0,-0.3875735901492548,-5.147605321121201,-1.5063813367892098
1505.0,-0.6750866373349309,-8.014825688568468,-4.910001637482343
1506.0,0.4151534881799992,-6.036457153230368,-3.6330851898120273
1507.0,1.9007980653592282,-11.449097793896852,-6.020174498051111
1601.0,2.5020551149513244,-7.039801596622497,-4.785991214588847
1602.0,1.644059395968786,-7.999610298321984,-4.768480635958795
1701.0,-0.8356541597120996,-5.006664471330141,-0.8237686231715263
1702.0,0.04079528872115256,-4.833677184965496,-1.185664660561254
1703.0,-0.9017945159284333,-4.142001486439748,0.019244179384073676
2101.0,3.138269586787972,-5.607646272329188,-2.0093202736399416
2102.0,2.2532061549718048,-4.219250394460592,-1.3953435384085375
2103.0,2.4622667282112123,-4.503780581350293,-0.7173825482797823
2104.0,1.5030360636804958,-2.52573181972026,0.39254533504779465
2105.0,0.6995903589833895,-2.189660212381248,0.4465993989271661
2201.0,2.453767599944862,-1.8502374065941467,1.5152711130729077
2202.0,3.3388164302507772,-1.0585590260815292,1.8035569355491523
2203.0,1.2793012910248376,1.7941032280475457,4.502682724286334
2204.0,0.613996736703371,2.1576054778373672,4.41124837424811
2205.0,0.5531534733226326,0.19132093977394682,2.7303198621930695
2206.0,1.2416511686765255,-0.4167009730947345,2.4144657792523057
2301.0,2.907621639641515,0.4930342679833182,2.3554230100177436
2302.0,2.4874669532403266,1.793411248153078,3.7249033236445404
2303.0,2.315756058211304,1.204673597474487,3.5968079666089148
2304.0,1.8322575032985333,1.6018835849240407,4.0988528541217
2305.0,1.7262246006098698,2.6925118547150793,4.786251702003739
2306.0,2.746234725150127,0.7168234393461074,3.0475151348999403
2401.0,1.5570033265361423,4.433466003435896,4.258193453023237
2402.0,1.4299358960648858,4.701905503078267,6.724341250748276
2403.0,2.0015939806535963,3.042644288428143,4.867415772375213
2501.0,1.37859015932508,4.71750301843191,3.121216706935694
2502.0,1.1240618174058894,5.742192031334445,6.410877611522693
2503.0,1.5137138771926002,3.766492907450243,5.894686334579163
2504.0,1.9987875208369064,2.400426983281807,4.558850530086025
2601.0,1.6218403765975762,5.179180822588368,2.5830804775177456
2602.0,1.185055259612553,5.918915643105969,5.245047628727159
2603.0,1.1603022926598,4.807206248259086,6.356850229772697
2604.0,1.1610939971324208,3.6172372676161224,5.321175855067024
2701.0,2.8093242226557327,4.988049088184547,0.5265473845562576
2702.0,1.67104030366514,5.983508343713694,4.972562998183299
2801.0,2.2227035602454888,5.130877747903775,2.1201854903462607
2802.0,1.4969624174384546,5.82941108436415,4.253019185968644
2901.0,1.5316998416663368,5.127516180312822,1.5834349593910577
2902.0,0.037004071102718895,5.655756275365951,0.5909955479758329
2903.0,-1.0801541410251907,3.001898786425664,1.4268161529278887
2904.0,-0.6059026308153048,3.236399044380874,2.9958604648840703
2905.0,-0.7363213687024294,1.1402840548575706,3.7377507108133043
2906.0,-0.328901196919914,-0.36756861566475474,2.566418894819356
2907.0,-0.17372618806614823,2.9273467410776437,5.04008341435538
2908.0,0.3603807932154046,4.722573755359545,5.457814633503669
2909.0,0.817762101908344,6.119447162962954,5.8412526939906
2910.0,-0.028578081781305158,5.172165958767109,4.487678158337893
3101.0,-1.1092888454005956,-1.4230331885084544,1.4747381289760557
3102.0,-1.0130761455318837,-0.013144561050408348,2.8933442582025153
3103.0,-1.1031046101158577,1.0149708692271815,2.504367055225675
3104.0,-1.3458357027483763,-0.2514270624010176,1.827456216319701
3105.0,-1.5142758794524362,-1.425331552052311,0.9635844142891153
3106.0,-1.5975040486194982,-1.4156078789095667,0.31973667049069276
3107.0,-1.1095161079781446,-1.141882633900564,0.9505160820480095
3108.0,-0.83789182019018,-1.3877851837774475,0.7134517898415389
3109.0,-1.0055864040828477,-1.2106496153286268,-0.14985669341935418
3110.0,-0.6913344711459485,-1.4367151342671496,1.050035762978908
3111.0,-0.6097546989146486,-1.53206758775434,1.2870403191422097
3112.0,-1.2384964713468045,-2.4160787678450686,0.9811089674584872
3113.0,-1.083319131020986,-2.118106889389325,0.8495898235261274
3201.0,-1.5866374329207318,0.7793873771656624,0.7061065387354181
3202.0,-1.3481560144607279,1.0357741360463915,1.634396016811761
3203.0,-1.3058809458503295,0.4977210788212439,2.1569349995920395
3204.0,-1.6848680314707158,0.2250142978332634,0.7551305534375229
3301.0,-0.6712916700284991,-0.3346158373557968,-1.004856962999552
3302.0,-0.8755977923054202,-1.7484391779014234,-0.99576312406186
3303.0,-1.3526982983847486,-1.0374465373922366,-0.30224139797803096
3304.0,-1.165285494890113,0.3304742810453662,1.3797718675730763
3305.0,-1.116004363146704,1.2236892930866603,0.48535375062186886
3501.0,-0.6520898940687151,-0.4508865029457372,-2.0239122782695866
3502.0,-0.24831251416131442,0.9284699267560367,-0.7077329559300519
3503.0,0.09947735311380058,0.4932591337478912,0.8420331442434483
3504.0,-0.07021338473164654,0.5190067986623489,0.38352168952953064
3505.0,-0.13453126255238657,0.8312511724802375,0.6501206515777085
3506.0,-0.022231702368371856,-0.24814070410042335,0.9053499630896339
3507.0,-0.18330547099587013,-0.5649987261204393,1.0631866739423714
3508.0,-0.48732296055429425,-0.34725424156988516,1.3352254881661436
3509.0,-0.29262713932200796,0.47589259629102526,1.301100511101894
3510.0,-0.31073423512691883,0.48295727567650054,0.7478619556899823
3511.0,-0.5345124679034833,-0.15080090762491208,-0.5480710989634493
4101.0,-1.2087995037796904,2.142163840208633,-3.1482930256127895
4102.0,-1.6106887531538392,3.822327229950577,-3.4069309270511487
4103.0,-1.8261807479277754,3.9234138384383965,-3.794512052515998
4104.0,-1.0641944249507636,2.8491477202343045,-1.3122981694009026
4105.0,-0.6261589300386292,1.974334600696829,-0.6874504069290844
4106.0,-1.1507121964147493,3.2716174291816618,-1.5820153097308356
4201.0,-1.3015954328559713,1.1180091261998026,-4.869241019119509
4202.0,-1.4054106412468803,2.7528492575829624,-4.244142554809341
4203.0,-1.7616736257785177,4.2207457456052655,-4.362641319895457
4204.0,-1.7866606602172774,4.570552684577554,-5.025701841090615
4205.0,-1.5344820503653847,3.978988380103629,-3.295957498003336
4206.0,-1.4819638984212824,1.7837879704808783,-4.213420925663444
4207.0,-1.5312183423288954,2.6184031336349927,-4.36063778023674
4301.0,-1.5824552285328348,4.913533375811075,-4.453545066893979
4302.0,-0.946116746145699,5.36662054383811,-1.9589340338612202
4303.0,-1.3064122120917288,5.118142528401136,-4.270442976016006
4304.0,-1.7221164120020978,4.2882094639008805,-3.072599324600272
4305.0,-1.2538302079904635,4.3307281402734885,-5.6700828350804215
4306.0,-1.176612493313381,4.867920315351248,-5.8552504229582105
4307.0,-1.658672011401983,4.910245431975971,-5.23261418550213
4308.0,-1.5106221246155742,5.003251261088982,-4.813177843076946
5001.0,-0.02919132888848095,0.04349591817316318,0.8485117766623393
5002.0,-0.9576438465688799,2.8233541950706766,-0.5688284572793822
5003.0,-0.4527982367876152,1.6709710120510661,0.21878766062238597
5101.0,-0.017930137507091177,-2.8622149135116355,-0.15639843856543187
5102.0,0.17053890121215126,-1.4951942720276432,0.35584469514423617
5103.0,-1.5212544362993248,-5.692954025363343,-1.5422389303365627
5104.0,-0.9946697229112725,-4.117653328904665,-0.3370719212753798
5105.0,-0.2275092720749638,-2.664085874994599,0.22610791311445774
5201.0,-0.9422135604127169,-2.9632487999342496,0.5788823085748172
5202.0,-0.7655118824536008,-2.2661356747298935,0.9648447778542264
5203.0,-0.11927076059044985,-1.3982959611657753,1.1790080964965126
5204.0,-0.7592631255610778,-3.686022766817601,0.08633939936102847
5205.0,-1.05931587455948,-3.771572242253977,0.23616904011967574
5206.0,-0.7901806950701024,-2.1172817174056004,1.3711506382263146
5301.0,-1.205165001744212,-1.908651858125192,1.5485952756896435
