CD_RGI,human_footprint
110001,4.24058807964799
110002,7.75895025009692
110003,7.573478331242997
110004,6.440538717405089
110005,7.910597889046622
110006,4.959348733821123
120001,6.235013916145748
120002,6.121578372553379
120003,1.340261762123727
120004,2.5466098306761493
120005,1.301790011272826
130001,4.44329824544877
130002,0.8402667486493328
130003,0.876309198091883
130004,3.002807863638483
130005,0.886143165073595
130006,1.1662128169123867
130007,0.9724107865189563
130008,1.1284054124646339
130009,1.1683564140638996
130010,3.12302385508189
130011,3.366644154857807
140001,9.648441994249058
140002,5.8852770243737
140003,2.2609072786966533
140004,2.221382815868298
150001,21.730880591763224
150002,7.221942776106399
150003,8.185726441154339
150004,12.415998031101415
150005,9.338457291614281
150006,12.70873863195278
150007,6.959256088474092
150008,9.158157850735062
150009,7.0990875355495024
150010,5.788028168689585
150011,6.228581286980991
150012,7.127883543808535
150013,4.439023632137114
150014,8.010102403814532
150015,3.6153646423718246
150016,2.5482001080585945
150017,2.135584150473175
150018,3.1152871928441654
150019,1.2718758718314767
150020,2.6624387863681425
150021,6.2519080474969755
160001,6.330457586568649
160002,0.9230537038871276
160003,2.1892346937107674
160004,2.3326516685579897
170001,11.177746413862861
170002,8.19878795549985
170003,8.09840428448824
170004,8.247524409433787
170005,8.930551529980452
170006,7.974523017765877
170007,9.28637694103807
170008,7.877889327587052
170009,11.306999670681243
170010,8.645328114612608
170011,8.941407377700054
210001,27.99894651571522
210002,8.510435862949972
210003,8.086182566945308
210004,8.636739224196727
210005,9.897498897789811
210006,12.14952856837635
210007,10.39173845682048
210008,8.569741525873074
210009,9.901140605159679
210010,10.392594958664828
210011,7.515857430945185
210012,11.9338166279048
210013,7.768433769366263
210014,10.314903018227804
210015,7.7921724095723315
210016,10.11153555368906
210017,8.737845145168057
210018,7.420553150355191
210019,10.897975245243522
210020,6.923421381304208
210021,8.161784442891955
210022,7.346572063468648
220001,18.826613652706325
220002,10.681494264909801
220003,8.772560142662266
220004,8.32918407192149
220005,9.379490483529587
220006,15.673645304991751
220007,8.940822412268686
220008,10.285544699272405
220009,12.584590667936157
220010,10.051281908154731
220011,10.159090657690838
220012,10.003229373618339
220013,7.983596175420871
220014,9.666700776010146
220015,7.771625275999667
220016,7.1935347254148825
220017,8.109096593740894
220018,7.2881454837651685
220019,5.920682143197336
230001,33.34998924398421
230002,13.82237321957238
230003,14.378714841872704
230004,9.788941763490334
230005,10.788745852419074
230006,11.53533868997639
230007,11.892002301173035
230008,13.150267182118984
230009,12.640932997100608
230010,11.633422906807994
230011,16.641249765558495
230012,13.697512712986402
230013,9.774206013771451
230014,8.940060407691766
230015,12.212962076611412
230016,12.008574584005853
230017,15.585211112811448
230018,11.770664689016321
240001,30.797989698954993
240002,14.298312944511315
240003,16.554867927080565
240004,11.07889548385269
240005,10.196614377877616
240006,11.528232796661957
240007,10.509104106717281
240008,10.937895128674278
240009,12.194613306565184
240010,12.88145947719438
240011,10.858199993473349
250001,30.579766898773457
250002,16.55713124529921
250003,15.723968236352327
250004,15.21815198226668
250005,16.165605142339693
250006,11.038729059867883
250007,11.336021628855866
250008,10.618465655201998
250009,13.665514173633923
250010,11.786637806829965
250011,12.610199529197159
250012,11.288889532460647
250013,12.598497571866151
250014,13.562629040627897
250015,14.163123831421201
260001,33.640086046335796
260002,17.66327249055498
260003,14.59426373072391
260004,17.793510604434555
260005,20.28462207491139
260006,20.499197929358143
260007,16.535878448837764
260008,17.257975220357373
260009,16.67036819379857
260010,16.3982810430314
260011,12.67563365985653
260012,13.923117295527634
260013,10.473839793613203
260014,12.37257541989949
260015,11.198811794401578
260016,12.291927962279425
260017,10.3338931642293
260018,16.688785172161648
270001,23.46223232579093
270002,14.346328904699316
270003,16.090956768485572
270004,17.349262526560956
270005,13.920763045058575
270006,14.871783615341178
270007,21.681832337593566
270008,17.024276220109805
270009,13.848546389585161
270010,16.333837697423103
270011,15.866711157317635
280001,31.450512515283325
280002,16.8423104393783
280003,17.31255278932612
280004,19.85152470660755
280005,15.62945149699068
280006,13.72614898524867
290001,34.507111220770376
290002,14.148787899328212
290003,15.557514357773949
290004,19.809504283356908
290005,10.728948287552436
290006,19.1572456561202
290007,12.199429017243336
290008,9.845207549859307
290009,9.918529835987327
290010,8.912426205312222
290011,12.20343727560156
290012,9.810100973242474
290013,12.575476578160774
290014,10.941370789390843
290015,10.394246655018947
290016,13.584596956317721
290017,11.235750430165899
290018,10.332022404675433
290019,8.647992266916585
290020,13.1246769759617
290021,7.357113263894806
290022,8.017873363342037
290023,10.913494540755586
290024,9.71037949203186
290025,11.649441976984678
290026,10.055518308011187
290027,12.874131370299752
290028,9.90800699757975
290029,16.143503958102357
290030,11.58668899972561
290031,10.16036895594654
290032,12.356471378124645
290033,13.93313795083538
290034,10.32118750103171
310001,35.24676324791132
310002,19.72937471813135
310003,14.26825286673753
310004,11.25031676785614
310005,11.954797786363143
310006,11.874376669466306
310007,11.863255925233787
310008,10.172439343335725
310009,8.807539526965167
310010,11.693054216336611
310011,11.552811217842743
310012,11.028459459341486
310013,9.645790332811975
310014,10.054162695756236
310015,9.344808771433515
310016,8.274697178286605
310017,10.407931122230726
310018,9.15016706702936
310019,9.45866332223784
310020,12.195057859154275
310021,9.908351053475302
310022,11.368648740941385
310023,11.240108837488187
310024,20.744414614428397
310025,12.80220050012827
310026,21.333404656197573
310027,14.471735921227777
310028,14.388590844739415
310029,17.317095217967204
310030,13.861879191205313
310031,13.317881189962975
310032,13.283193875096975
310033,16.23917665995804
310034,14.301500835072503
310035,11.751503047642105
310036,11.893041125548452
310037,14.586350657127696
310038,17.174344589923724
310039,12.51540957329959
310040,19.036537158733537
310041,14.305794471250083
310042,15.604617482338961
310043,15.677699091661033
310044,16.174285147055073
310045,15.426937113943069
310046,15.398800282571035
310047,15.93985639391144
310048,14.40580537496567
310049,14.598657269521814
310050,18.06562686814139
310051,18.91903410222073
310052,16.76524816459271
310053,16.25545348942049
310054,12.520847819089468
310055,14.091133688672608
310056,13.533872398291368
310057,14.782178804001866
310058,13.886896882791094
310059,14.98611968480465
310060,14.393259685864443
310061,13.738667884453438
310062,11.965275312161129
310063,10.819302476128469
310064,12.991176375651134
310065,19.449720802267706
310066,15.23793073698952
310067,14.36732320940659
310068,17.719200529145073
310069,13.023390217872207
310070,12.879484438564358
320001,28.836366264161615
320002,14.937000488924513
320003,13.57278001170685
320004,13.568869473805938
320005,14.458744142894696
320006,13.378637366380417
320007,18.284350327124304
320008,14.101533313648158
330001,34.6530139867869
330002,11.766025795979145
330003,14.657510966202945
330004,21.96601983481774
330005,15.195803386526961
330006,13.69460715335435
330007,17.986544418397866
330008,15.174100361522473
330009,15.965887311027313
330010,14.700905196397242
330011,12.933744291550276
330012,13.997666852859329
330013,23.673301128895847
330014,17.953846351147693
350001,34.074991883383866
350002,22.371645050553276
350003,27.65411975705319
350004,11.419307517933115
350005,9.427989703639502
350006,13.730344390855928
350007,15.581947398249628
350008,22.223855748006397
350009,18.84180764677032
350010,16.67336374423251
350011,14.913665453779826
350012,16.271237341564373
350013,16.928875149039246
350014,17.270154659117
350015,18.848413464433
350016,18.21474942849648
350017,15.817820981564036
350018,18.431590068197828
350019,17.38983650616032
350020,17.32313016416839
350021,14.575166539353091
350022,16.934083129454667
350023,18.162243410432442
350024,15.186608507182202
350025,25.298907011090915
350026,21.989186749167306
350027,19.539532568822512
350028,17.80668679325797
350029,18.10831123662166
350030,18.67473065935407
350031,21.865107716881273
350032,17.111940815958228
350033,21.624539495105722
350034,14.929631867626123
350035,13.927129023284873
350036,17.69770133706588
350037,17.902211115685933
350038,32.49322462731228
350039,30.52950198011618
350040,20.74119599378767
350041,24.39137057227699
350042,26.016737083871124
350043,18.993138649518094
350044,17.0080287771416
350045,19.095075205918924
350046,22.27274730666721
350047,17.342751311004047
350048,22.853252209575697
350049,21.155651391355416
350050,17.971440291462766
350051,12.591969715187899
350052,14.708643812120568
350053,13.85329926399656
410001,31.585908145879284
410002,11.905483473979166
410003,11.044392374942708
410004,10.932064393787071
410005,11.221753825442754
410006,14.359166845207291
410007,17.753063133745986
410008,16.53457102425401
410009,16.64434402034918
410010,15.079914796229907
410011,11.781288303385544
410012,17.054859349119038
410013,16.382020966423845
410014,23.615807543697546
410015,14.855030733528588
410016,16.3971519767441
410017,16.48951263754841
410018,17.13299899895296
410019,17.575864019414016
410020,15.549499094816172
410021,18.508218665016557
410022,14.894594665096312
410023,18.650346414475603
410024,14.566642023008336
410025,13.892643796693257
410026,14.748617201864947
410027,14.349713713040845
410028,11.027264670391592
410029,13.039718679723773
420001,28.439372557150715
420002,28.077794747354385
420003,22.42685732053572
420004,19.63597197836131
420005,9.61448298231258
420006,10.81949327381938
420007,19.636797087541723
420008,15.057549999401486
420009,17.427934035051226
420010,16.504931479001105
420011,15.710417630645239
420012,18.520524015462673
420013,14.38030643287222
420014,11.276354801431257
420015,16.38060787099159
420016,18.668807161262812
420017,11.379071535118122
420018,14.655593018536019
420019,21.502595294187646
420020,28.158306017003508
420021,22.181071429406206
420022,17.442164099437623
420023,14.560480125287622
420024,15.619576737481408
430001,30.73303718245491
430002,29.11738442645275
430003,22.624264166554013
430004,20.69957712014498
430005,12.767552351035496
430006,12.691402437441576
430007,19.680186420513635
430008,20.109856419972324
430009,14.346132028000238
430010,9.286647875946324
430011,14.325041920154252
430012,9.593972973193098
430013,12.066144552043891
430014,10.240675698476682
430015,10.758477691933134
430016,8.999450595020683
430017,11.454303537388135
430018,17.253283580067446
430019,17.743427433206147
430020,16.461764592908484
430021,16.209919866131287
430022,11.832700668314496
430023,17.831843404492723
430024,15.862636027119661
430025,19.466175551014143
430026,17.954436002655406
430027,15.062156066474783
430028,18.001762697918892
430029,16.947122782433436
430030,18.22983173965487
430031,12.708575759249094
430032,17.16112622557953
430033,13.838712019103301
430034,15.425767007923586
430035,13.237695154328872
430036,17.52615594257004
430037,22.691232301995708
430038,17.208922669714184
430039,10.984037391287963
430040,15.018233128576547
430041,23.08447263238413
430042,14.74599996605591
430043,17.351416152572888
500001,11.83680641799826
500002,10.192527163475079
500003,11.541448833818622
500004,9.210819843607599
500005,12.15317814533643
500006,12.978177804450556
500007,11.8074105490732
500008,10.635625478339222
500009,12.192841654183827
500010,6.382274204115403
500011,8.403612174788169
500012,7.37587697358063
510001,12.333942572791532
510002,6.303597523489977
510003,7.72932998078196
510004,6.169527019565498
510005,5.372580046758214
510006,10.755681117160533
510007,8.51147576042776
510008,8.193452682826855
510009,2.7393520625599836
510010,5.32695190250796
510011,5.932376924274945
510012,4.152171672982671
510013,7.403389217784796
510014,5.989661388474164
510015,5.873289115732278
510016,10.452736079190062
510017,8.764926023841333
510018,9.007704821796892
520001,30.65787534066352
520002,18.863690863591493
520003,14.408632853544093
520004,11.258928176524522
520005,10.274268215254343
520006,12.559877107432692
520007,13.083472808623316
520008,12.856437384797927
520009,12.008671065730393
520010,12.529066685802944
520011,10.257501776601028
520012,12.99843301590841
520013,12.951618202953972
520014,11.205870238928068
520015,12.798748613185365
520016,8.896733616248397
520017,10.275831287015006
520018,13.382782965684575
520019,20.61416009124851
520020,18.030700386852672
520021,11.0835485798709
520022,8.79265875249403
530001,21.40804083714286
