"CD_MUN","hypermetro_id"
1100015,24
1100023,24
1100031,32
1100049,24
1100056,24
1100064,32
1100072,24
1100080,24
1100098,24
1100106,24
1100114,24
1100122,24
1100130,24
1100148,24
1100155,24
1100189,24
1100205,24
1100254,24
1100262,24
1100288,24
1100296,24
1100304,24
1100320,24
1100338,24
1100346,24
1100379,24
1100403,24
1100452,24
1100502,24
1100601,24
1100700,24
1100809,24
1100908,24
1100924,24
1100940,24
1101005,24
1101104,24
1101203,24
1101302,24
1101401,24
1101435,24
1101450,24
1101468,24
1101476,24
1101484,24
1101492,24
1101500,24
1101559,24
1101609,24
1101708,24
1101757,24
1101807,24
1200013,24
1200054,24
1200104,24
1200138,24
1200179,24
1200203,24
1200252,24
1200302,24
1200328,24
1200336,24
1200344,24
1200351,24
1200385,24
1200393,24
1200401,24
1200427,24
1200435,24
1200450,24
1200500,24
1200609,24
1200708,24
1200807,24
1300029,14
1300060,14
1300086,14
1300102,14
1300144,24
1300201,24
1300300,14
1300409,14
1300508,14
1300607,24
1300631,14
1300680,14
1300706,24
1300805,14
1300839,14
1300904,24
1301001,14
1301100,14
1301159,14
1301209,14
1301308,14
1301407,24
1301506,24
1301605,14
1301654,24
1301704,24
1301803,24
1301852,14
1301902,14
1301951,24
1302009,14
1302108,14
1302207,14
1302306,14
1302405,24
1302504,14
1302553,14
1302603,14
1302702,24
1302801,14
1302900,14
1303007,14
1303106,14
1303205,14
1303304,14
1303403,28
1303502,24
1303536,14
1303569,14
1303601,14
1303700,14
1303809,14
1303908,14
1303957,14
1304005,14
1304062,14
1304104,24
1304203,14
1304237,14
1304260,14
1304302,14
1304401,14
1400027,14
1400050,14
1400100,14
1400159,14
1400175,14
1400209,14
1400233,14
1400282,14
1400308,14
1400407,14
1400456,14
1400472,14
1400506,14
1400605,14
1400704,14
1500107,11
1500131,30
1500206,11
1500305,21
1500347,30
1500404,28
1500503,21
1500602,28
1500701,21
1500800,11
1500859,21
1500909,11
1500958,11
1501006,28
1501105,11
1501204,11
1501253,20
1501303,11
1501402,11
1501451,28
1501501,11
1501576,30
1501600,11
1501709,11
1501725,28
1501758,30
1501782,30
1501808,21
1501907,11
1501956,11
1502004,11
1502103,11
1502152,30
1502202,11
1502301,11
1502400,11
1502509,21
1502608,11
1502707,20
1502756,11
1502764,20
1502772,30
1502806,11
1502855,28
1502905,11
1502939,30
1502954,30
1503002,14
1503044,20
1503077,11
1503093,30
1503101,21
1503200,11
1503309,11
1503408,11
1503457,11
1503507,11
1503606,28
1503705,30
1503754,14
1503804,30
1503903,28
1504000,11
1504059,11
1504109,11
1504208,30
1504307,11
1504406,11
1504422,11
1504455,28
1504505,21
1504604,11
1504703,11
1504752,28
1504802,28
1504901,11
1504950,11
1504976,30
1505007,11
1505031,28
1505064,30
1505106,28
1505205,11
1505304,14
1505403,11
1505437,20
1505486,11
1505494,30
1505502,11
1505536,30
1505551,20
1505601,11
1505635,30
1505650,28
1505700,11
1505809,21
1505908,21
1506005,28
1506104,11
1506112,11
1506138,20
1506161,20
1506187,30
1506195,28
1506203,11
1506302,11
1506351,11
1506401,11
1506500,11
1506559,11
1506583,20
1506609,11
1506708,20
1506807,28
1506906,11
1507003,11
1507102,11
1507151,30
1507201,11
1507300,20
1507409,11
1507458,30
1507466,11
1507474,11
1507508,30
1507607,11
1507706,11
1507755,30
1507805,21
1507904,11
1507953,11
1507961,11
1507979,28
1508001,11
1508035,11
1508050,28
1508084,20
1508100,30
1508126,30
1508159,28
1508209,11
1508308,11
1508357,28
1508407,30
1600055,21
1600105,21
1600154,21
1600204,21
1600212,21
1600238,21
1600253,21
1600279,21
1600303,21
1600402,21
1600501,21
1600535,21
1600550,21
1600600,21
1600709,21
1600808,21
1700251,20
1700301,30
1700350,20
1700400,20
1700707,20
1701002,30
1701051,30
1701101,20
1701309,30
1701903,20
1702000,20
1702109,30
1702158,30
1702208,30
1702307,20
1702406,4
1702554,30
1702703,4
1702901,30
1703008,30
1703057,20
1703073,30
1703107,20
1703206,20
1703305,20
1703602,20
1703701,20
1703800,30
1703826,30
1703842,20
1703867,20
1703883,30
1703891,30
1703909,20
1704105,20
1704600,20
1705102,20
1705508,20
1705557,4
1705607,20
1706001,20
1706100,20
1706258,20
1706506,30
1707009,20
1707108,20
1707207,20
1707306,20
1707405,30
1707553,20
1707652,20
1707702,30
1708205,20
1708254,20
1708304,20
1709005,20
1709302,20
1709500,20
1709807,20
1710508,20
1710706,30
1710904,20
1711100,20
1711506,20
1711803,20
1711902,20
1711951,20
1712009,20
1712157,4
1712405,20
1712454,30
1712504,20
1712702,20
1712801,30
1713205,20
1713304,20
1713601,20
1713700,20
1713809,30
1713957,30
1714203,20
1714302,30
1714880,20
1715002,20
1715101,20
1715150,4
1715259,20
1715507,20
1715705,20
1715754,20
1716109,20
1716208,4
1716307,20
1716505,20
1716604,20
1716653,20
1716703,20
1717008,20
1717206,30
1717503,20
1717800,20
1717909,20
1718006,20
1718204,20
1718303,30
1718402,20
1718451,20
1718501,20
1718550,30
1718659,20
1718709,20
1718758,20
1718808,30
1718840,20
1718865,30
1718881,20
1718899,20
1718907,20
1719004,20
1720002,30
1720101,30
1720150,20
1720200,30
1720259,20
1720309,30
1720499,20
1720655,20
1720804,30
1720853,20
1720903,20
1720937,20
1720978,20
1721000,20
1721109,20
1721208,30
1721257,20
1721307,20
1722081,30
1722107,30
2100055,30
2100105,6
2100154,18
2100204,18
2100303,6
2100402,18
2100436,18
2100477,30
2100501,20
2100550,18
2100600,30
2100709,18
2100808,18
2100832,18
2100873,18
2100907,29
2100956,30
2101004,18
2101103,18
2101202,18
2101251,18
2101301,18
2101350,18
2101400,20
2101509,6
2101608,30
2101707,18
2101731,18
2101772,18
2101806,6
2101905,18
2101939,18
2101970,11
2102002,30
2102036,30
2102077,18
2102101,6
2102150,30
2102200,6
2102309,6
2102325,30
2102358,30
2102374,18
2102408,18
2102507,18
2102556,30
2102606,18
2102705,18
2102754,6
2102804,30
2102903,11
2103000,6
2103109,18
2103125,18
2103158,18
2103174,30
2103208,18
2103257,30
2103307,6
2103406,6
2103505,6
2103554,18
2103604,18
2103703,18
2103752,30
2103802,6
2103901,6
2104008,6
2104057,30
2104073,30
2104081,30
2104099,30
2104107,30
2104206,6
2104305,18
2104404,6
2104503,6
2104552,30
2104602,6
2104628,6
2104651,18
2104677,18
2104701,6
2104800,30
2104909,18
2105005,18
2105104,18
2105153,18
2105203,18
2105302,30
2105351,30
2105401,18
2105427,30
2105450,6
2105476,30
2105500,30
2105609,6
2105658,18
2105708,18
2105807,18
2105906,18
2105922,6
2105948,18
2105963,30
2105989,30
2106003,18
2106102,30
2106201,18
2106300,6
2106326,18
2106359,30
2106375,18
2106409,18
2106508,18
2106607,6
2106631,18
2106672,18
2106706,30
2106755,18
2106805,18
2106904,18
2107001,30
2107100,18
2107209,18
2107258,30
2107308,6
2107357,18
2107407,18
2107456,18
2107506,18
2107605,18
2107704,6
2107803,6
2107902,6
2108009,6
2108058,18
2108108,30
2108207,18
2108256,18
2108306,18
2108405,18
2108454,18
2108504,18
2108603,18
2108702,18
2108801,18
2108900,6
2109007,30
2109056,18
2109106,6
2109205,18
2109239,18
2109270,18
2109304,18
2109403,18
2109452,18
2109502,30
2109551,30
2109601,18
2109700,30
2109759,6
2109809,18
2109908,18
2110005,30
2110039,18
2110104,18
2110203,18
2110237,18
2110278,18
2110302,6
2110401,18
2110500,18
2110609,6
2110658,6
2110708,6
2110807,30
2110856,30
2110906,6
2111003,18
2111029,30
2111052,30
2111078,6
2111102,6
2111201,18
2111250,6
2111300,18
2111409,18
2111508,18
2111532,30
2111573,30
2111607,30
2111631,30
2111672,30
2111706,18
2111722,18
2111748,6
2111763,30
2111789,18
2111805,30
2111904,6
2111953,6
2112001,20
2112100,6
2112209,6
2112233,18
2112274,18
2112308,6
2112407,18
2112456,18
2112506,18
2112605,18
2112704,18
2112803,18
2112852,30
2112902,18
2113009,18
2114007,18
2200053,5
2200103,6
2200202,6
2200251,13
2200277,13
2200301,6
2200400,6
2200459,5
2200509,6
2200608,6
2200707,5
2200806,6
2200905,6
2200954,5
2201002,6
2201051,6
2201101,5
2201150,20
2201176,6
2201200,6
2201309,20
2201408,6
2201507,6
2201556,5
2201572,13
2201606,6
2201705,6
2201739,5
2201770,6
2201804,13
2201903,5
2201919,29
2201929,5
2201945,6
2201960,29
2201988,5
2202000,29
2202026,6
2202059,6
2202075,6
2202083,29
2202091,13
2202109,5
2202117,5
2202133,13
2202174,6
2202208,6
2202251,6
2202307,5
2202406,6
2202455,5
2202505,5
2202539,29
2202554,5
2202604,6
2202653,29
2202703,29
2202711,6
2202729,29
2202737,6
2202752,5
2202778,6
2202802,5
2202851,5
2202901,20
2203008,20
2203107,5
2203206,5
2203230,5
2203255,6
2203271,5
2203305,6
2203354,5
2203404,6
2203420,29
2203453,5
2203503,6
2203602,5
2203701,6
2203750,5
2203800,5
2203859,5
2203909,6
2204006,6
2204105,6
2204154,13
2204204,13
2204303,13
2204352,13
2204402,20
2204501,6
2204550,5
2204600,6
2204659,29
2204709,6
2204808,6
2204907,5
2205003,5
2205102,6
2205151,5
2205201,5
2205250,6
2205276,6
2205300,6
2205359,5
2205409,6
2205458,6
2205508,6
2205516,6
2205524,5
2205532,5
2205540,6
2205557,6
2205565,5
2205573,6
2205581,6
2205599,6
2205607,6
2205706,29
2205805,6
2205854,6
2205904,5
2205953,13
2206001,6
2206050,5
2206100,6
2206209,6
2206308,6
2206357,6
2206407,6
2206506,13
2206605,20
2206654,5
2206670,6
2206696,6
2206704,6
2206720,6
2206753,6
2206803,6
2206902,6
2206951,6
2207009,6
2207108,6
2207207,13
2207306,5
2207355,5
2207405,5
2207504,6
2207553,6
2207603,5
2207702,29
2207751,6
2207777,5
2207793,6
2207801,5
2207850,5
2207900,29
2207934,5
2207959,5
2208007,6
2208106,6
2208205,13
2208304,29
2208403,6
2208502,6
2208551,6
2208601,6
2208650,5
2208700,5
2208809,6
2208858,5
2208874,5
2208908,30
2209005,5
2209104,5
2209153,6
2209203,20
2209302,5
2209351,6
2209377,6
2209401,13
2209450,6
2209500,5
2209559,5
2209609,6
2209658,5
2209708,6
2209757,20
2209807,6
2209856,6
2209872,29
2209906,6
2209955,6
2209971,6
2210003,5
2210052,6
2210102,5
2210201,6
2210300,13
2210359,5
2210375,13
2210383,6
2210391,5
2210409,6
2210508,6
2210607,5
2210623,20
2210631,6
2210656,6
2210706,5
2210805,5
2210904,5
2210938,13
2210953,5
2210979,6
2211001,6
2211100,6
2211209,6
2211308,6
2211357,5
2211407,6
2211506,5
2211605,13
2211704,5
2300101,13
2300150,16
2300200,29
2300309,13
2300408,13
2300507,29
2300606,13
2300705,23
2300754,29
2300804,13
2300903,16
2301000,16
2301109,16
2301208,16
2301257,29
2301307,13
2301406,16
2301505,13
2301604,13
2301703,13
2301802,23
2301851,16
2301901,13
2301950,16
2302008,23
2302057,29
2302107,16
2302206,16
2302305,29
2302404,29
2302503,13
2302602,29
2302701,13
2302800,29
2302909,16
2303006,16
2303105,29
2303204,13
2303303,13
2303402,29
2303501,16
2303600,13
2303659,29
2303709,16
2303808,13
2303907,29
2303931,16
2303956,16
2304004,29
2304103,29
2304202,13
2304236,29
2304251,29
2304269,23
2304277,23
2304285,16
2304301,13
2304350,29
2304400,16
2304459,16
2304509,29
2304608,16
2304657,29
2304707,29
2304806,13
2304905,29
2304954,16
2305001,29
2305100,16
2305209,29
2305233,16
2305266,16
2305308,29
2305332,16
2305357,16
2305407,23
2305506,13
2305605,29
2305654,29
2305704,23
2305803,29
2305902,29
2306009,23
2306108,29
2306207,16
2306256,16
2306306,16
2306405,16
2306504,16
2306553,29
2306603,29
2306702,23
2306801,23
2306900,23
2307007,16
2307106,13
2307205,13
2307254,29
2307304,13
2307403,13
2307502,13
2307601,16
2307635,29
2307650,16
2307700,16
2307809,29
2307908,29
2308005,29
2308104,23
2308203,29
2308302,13
2308351,23
2308377,29
2308401,13
2308500,13
2308609,29
2308708,16
2308807,29
2308906,29
2309003,29
2309102,16
2309201,13
2309300,29
2309409,29
2309458,16
2309508,23
2309607,16
2309706,16
2309805,16
2309904,29
2310001,16
2310100,16
2310209,16
2310258,16
2310308,13
2310407,16
2310506,29
2310605,13
2310704,16
2310803,23
2310852,16
2310902,13
2310951,29
2311009,29
2311108,13
2311207,13
2311231,23
2311264,13
2311306,16
2311355,23
2311405,16
2311504,16
2311603,16
2311702,29
2311801,16
2311900,13
2311959,13
2312007,29
2312106,13
2312205,29
2312304,29
2312403,16
2312502,16
2312601,16
2312700,23
2312809,29
2312908,29
2313005,23
2313104,16
2313203,29
2313252,13
2313302,13
2313351,29
2313401,29
2313500,16
2313559,16
2313609,29
2313708,23
2313757,16
2313807,16
2313906,29
2313955,29
2314003,13
2314102,29
2400109,12
2400208,12
2400307,12
2400406,23
2400505,23
2400604,23
2400703,12
2400802,12
2400901,23
2401008,23
2401107,16
2401206,22
2401305,23
2401404,12
2401453,16
2401503,22
2401602,22
2401651,12
2401701,22
2401800,22
2401859,22
2401909,22
2402006,23
2402105,12
2402204,12
2402303,23
2402402,12
2402501,12
2402600,22
2402709,12
2402808,12
2402907,23
2403004,12
2403103,12
2403202,23
2403251,22
2403301,23
2403400,23
2403509,22
2403608,22
2403707,23
2403756,12
2403806,12
2403905,23
2404002,23
2404101,22
2404200,22
2404309,16
2404408,16
2404507,22
2404606,22
2404705,12
2404804,23
2404853,12
2404903,23
2405009,12
2405108,22
2405207,23
2405306,22
2405405,12
2405504,22
2405603,23
2405702,23
2405801,22
2405900,23
2406007,23
2406106,12
2406155,22
2406205,12
2406304,22
2406403,22
2406502,12
2406601,22
2406700,12
2406809,12
2406908,23
2407005,23
2407104,22
2407203,22
2407252,23
2407302,23
2407401,23
2407500,22
2407609,23
2407708,12
2407807,22
2407906,12
2408003,16
2408102,22
2408201,22
2408300,12
2408409,23
2408508,23
2408607,23
2408706,12
2408805,22
2408904,12
2408953,22
2409100,12
2409209,22
2409308,23
2409332,22
2409407,23
2409506,22
2409605,22
2409704,22
2409803,12
2409902,12
2410009,23
2410108,22
2410207,23
2410256,12
2410306,22
2410405,22
2410504,23
2410603,23
2410702,23
2410801,23
2410900,22
2411007,23
2411056,16
2411106,22
2411205,12
2411403,12
2411429,23
2411502,12
2411601,22
2411700,12
2411809,23
2411908,23
2412005,22
2412104,23
2412203,22
2412302,12
2412401,23
2412500,23
2412559,22
2412609,22
2412708,22
2412807,12
2412906,12
2413003,12
2413102,22
2413201,22
2413300,12
2413359,12
2413409,23
2413508,22
2413557,23
2413607,23
2413706,12
2413805,23
2413904,22
2414001,12
2414100,23
2414159,12
2414209,22
2414308,23
2414407,22
2414456,12
2414506,23
2414605,23
2414704,22
2414753,23
2414803,22
2414902,23
2415008,22
2500106,23
2500205,23
2500304,12
2500403,12
2500502,12
2500536,12
2500577,12
2500601,12
2500700,23
2500734,23
2500775,23
2500809,12
2500908,12
2501005,12
2501104,12
2501153,23
2501203,12
2501302,12
2501351,23
2501401,12
2501500,12
2501534,12
2501575,12
2501609,12
2501708,12
2501807,12
2501906,12
2502003,23
2502052,23
2502102,23
2502151,12
2502201,23
2502300,23
2502409,23
2502508,12
2502607,23
2502706,12
2502805,23
2502904,23
2503001,12
2503100,12
2503209,12
2503308,23
2503407,23
2503506,12
2503555,23
2503605,12
2503704,23
2503753,23
2503803,12
2503902,23
2504009,12
2504033,12
2504074,12
2504108,23
2504157,12
2504207,23
2504306,23
2504355,12
2504405,23
2504504,23
2504603,12
2504702,12
2504801,23
2504850,12
2504900,12
2505006,12
2505105,12
2505204,12
2505238,12
2505279,12
2505303,23
2505352,12
2505402,23
2505501,23
2505600,23
2505709,12
2505808,12
2505907,23
2506004,12
2506103,12
2506202,12
2506251,12
2506301,12
2506400,12
2506509,12
2506608,23
2506707,23
2506806,12
2506905,12
2507002,23
2507101,12
2507200,12
2507309,12
2507408,23
2507507,12
2507606,12
2507705,23
2507804,23
2507903,12
2508000,23
2508109,23
2508208,12
2508307,12
2508406,23
2508505,23
2508554,12
2508604,12
2508703,23
2508802,23
2508901,12
2509008,23
2509057,12
2509107,12
2509156,23
2509206,12
2509305,12
2509339,12
2509370,23
2509396,23
2509404,12
2509503,12
2509602,23
2509701,23
2509800,12
2509909,12
2510006,23
2510105,12
2510204,23
2510303,12
2510402,23
2510501,12
2510600,23
2510659,23
2510709,23
2510808,23
2510907,23
2511004,23
2511103,12
2511202,12
2511301,23
2511400,12
2511509,12
2511608,12
2511707,12
2511806,12
2511905,12
2512002,12
2512036,23
2512077,23
2512101,23
2512200,23
2512309,23
2512408,12
2512507,12
2512606,23
2512705,12
2512721,12
2512747,12
2512754,12
2512762,12
2512788,12
2512804,23
2512903,12
2513000,23
2513109,12
2513158,12
2513208,23
2513307,23
2513356,23
2513406,23
2513505,23
2513604,23
2513653,23
2513703,12
2513802,23
2513851,23
2513901,23
2513927,23
2513943,12
2513968,23
2513984,23
2514008,12
2514107,12
2514206,23
2514305,23
2514404,23
2514453,12
2514503,23
2514552,23
2514602,23
2514651,23
2514701,23
2514800,23
2514909,23
2515005,12
2515104,12
2515203,23
2515302,12
2515401,23
2515500,23
2515609,12
2515708,23
2515807,12
2515906,12
2515930,12
2515971,12
2516003,12
2516102,12
2516151,12
2516201,23
2516300,23
2516409,12
2516508,23
2516607,23
2516706,23
2516755,23
2516805,23
2516904,23
2517001,12
2517100,23
2517209,23
2517407,23
2600054,12
2600104,23
2600203,5
2600302,7
2600401,7
2600500,7
2600609,7
2600708,12
2600807,7
2600906,12
2601003,7
2601052,12
2601102,13
2601201,7
2601300,12
2601409,7
2601508,7
2601607,5
2601706,12
2601805,7
2601904,12
2602001,13
2602100,7
2602209,12
2602308,7
2602407,7
2602506,23
2602605,12
2602704,12
2602803,7
2602902,12
2603009,5
2603108,7
2603207,7
2603306,7
2603405,23
2603454,12
2603504,7
2603603,12
2603702,7
2603801,7
2603900,23
2603926,5
2604007,12
2604106,12
2604155,12
2604205,7
2604304,13
2604403,12
2604502,12
2604601,12
2604700,7
2604809,12
2604908,12
2605004,7
2605103,7
2605152,5
2605202,12
2605301,13
2605400,12
2605459,22
2605509,12
2605608,23
2605707,7
2605806,12
2605905,7
2606002,7
2606101,12
2606200,12
2606309,13
2606408,12
2606507,7
2606606,7
2606705,7
2606804,12
2606903,23
2607000,7
2607109,23
2607208,12
2607307,13
2607406,5
2607505,7
2607604,12
2607653,12
2607703,23
2607752,12
2607802,12
2607901,12
2607950,7
2608008,12
2608057,7
2608107,12
2608206,7
2608255,7
2608305,7
2608404,7
2608453,12
2608503,12
2608602,7
2608701,7
2608750,5
2608800,7
2608909,12
2609006,12
2609105,12
2609154,7
2609204,7
2609303,23
2609402,12
2609501,12
2609600,12
2609709,12
2609808,5
2609907,5
2610004,7
2610103,7
2610202,7
2610301,7
2610400,5
2610509,12
2610608,12
2610707,12
2610806,7
2610905,7
2611002,7
2611101,5
2611200,12
2611309,12
2611408,12
2611507,7
2611533,23
2611606,12
2611705,12
2611804,12
2611903,12
2612000,12
2612109,12
2612208,13
2612307,7
2612406,12
2612455,5
2612471,23
2612505,12
2612554,5
2612604,5
2612703,12
2612802,23
2612901,7
2613008,7
2613107,12
2613206,7
2613305,7
2613404,7
2613503,23
2613602,23
2613701,12
2613800,12
2613909,23
2614006,13
2614105,7
2614204,12
2614303,13
2614402,23
2614501,12
2614600,23
2614709,12
2614808,7
2614857,7
2615003,12
2615102,7
2615201,5
2615300,12
2615409,12
2615508,12
2615607,13
2615706,23
2615805,7
2615904,23
2616001,7
2616100,13
2616183,12
2616209,12
2616308,12
2616407,12
2616506,7
2700102,7
2700201,7
2700300,7
2700409,7
2700508,7
2700607,7
2700706,7
2700805,7
2700904,7
2701001,7
2701100,7
2701209,7
2701308,7
2701357,7
2701407,7
2701506,7
2701605,7
2701704,7
2701803,7
2701902,7
2702009,7
2702108,7
2702207,7
2702306,7
2702355,7
2702405,7
2702504,7
2702553,7
2702603,7
2702702,7
2702801,7
2702900,7
2703007,7
2703106,7
2703205,7
2703304,7
2703403,7
2703502,7
2703601,7
2703700,7
2703759,7
2703809,7
2703908,7
2704005,7
2704104,7
2704203,7
2704302,7
2704401,7
2704500,7
2704609,7
2704708,7
2704807,7
2704906,7
2705002,7
2705101,7
2705200,7
2705309,7
2705408,7
2705507,7
2705606,7
2705705,7
2705804,7
2705903,7
2706000,7
2706109,7
2706208,7
2706307,7
2706406,7
2706422,7
2706448,7
2706505,7
2706604,7
2706703,7
2706802,7
2706901,7
2707008,7
2707107,7
2707206,7
2707305,7
2707404,7
2707503,7
2707602,7
2707701,7
2707800,7
2707909,7
2708006,7
2708105,7
2708204,7
2708303,7
2708402,7
2708501,7
2708600,7
2708709,7
2708808,7
2708907,7
2708956,7
2709004,7
2709103,7
2709152,7
2709202,7
2709301,7
2709400,7
2800100,7
2800209,7
2800308,9
2800407,9
2800506,9
2800605,9
2800670,9
2800704,7
2801009,9
2801108,7
2801207,7
2801306,9
2801405,9
2801504,9
2801603,7
2801702,9
2801900,7
2802007,9
2802106,9
2802205,7
2802304,9
2802403,7
2802502,9
2802601,7
2802700,7
2802809,9
2802908,9
2803005,9
2803104,7
2803203,9
2803302,9
2803401,7
2803500,9
2803609,9
2803708,9
2803807,7
2803906,9
2804003,9
2804102,9
2804201,7
2804300,7
2804409,7
2804458,9
2804508,7
2804607,9
2804706,7
2804805,9
2804904,7
2805000,9
2805109,9
2805208,9
2805307,9
2805406,7
2805505,9
2805604,7
2805703,7
2805802,9
2805901,9
2806008,9
2806107,9
2806206,9
2806305,9
2806404,7
2806503,9
2806602,9
2806701,9
2806800,9
2806909,7
2807006,9
2807105,9
2807204,9
2807303,7
2807402,9
2807501,9
2807600,9
2900108,15
2900207,5
2900306,27
2900355,9
2900405,15
2900504,15
2900603,27
2900702,15
2900801,19
2900900,27
2901007,15
2901106,15
2901155,5
2901205,27
2901304,15
2901353,5
2901403,4
2901502,15
2901601,7
2901700,15
2901809,5
2901908,27
2901957,27
2902005,27
2902054,27
2902104,15
2902203,15
2902252,27
2902302,27
2902401,27
2902500,4
2902609,15
2902658,5
2902708,5
2902807,15
2902906,27
2903003,5
2903102,27
2903201,20
2903235,5
2903276,15
2903300,27
2903409,27
2903508,27
2903607,15
2903706,27
2903805,15
2903904,4
2903953,27
2904001,15
2904050,15
2904100,5
2904209,15
2904308,15
2904407,4
2904506,5
2904605,15
2904704,27
2904753,5
2904803,27
2904852,15
2904902,15
2905008,4
2905107,15
2905156,27
2905206,15
2905305,15
2905404,27
2905503,15
2905602,27
2905701,27
2905800,27
2905909,5
2906006,5
2906105,4
2906204,5
2906303,27
2906402,15
2906501,27
2906600,4
2906709,27
2906808,15
2906824,5
2906857,15
2906873,15
2906899,27
2906907,19
2907004,27
2907103,4
2907202,5
2907301,15
2907400,4
2907509,27
2907558,15
2907608,5
2907707,5
2907806,9
2907905,15
2908002,27
2908101,4
2908200,15
2908309,15
2908408,15
2908507,15
2908606,27
2908705,4
2908804,15
2908903,15
2909000,27
2909109,4
2909208,7
2909307,4
2909406,5
2909505,27
2909604,15
2909703,4
2909802,15
2909901,5
2910008,27
2910057,27
2910107,15
2910206,15
2910305,15
2910404,27
2910503,27
2910602,27
2910701,5
2910727,27
2910750,9
2910776,4
2910800,15
2910859,5
2910909,27
2911006,27
2911105,20
2911204,27
2911253,15
2911303,5
2911402,7
2911501,27
2911600,15
2911659,15
2911709,4
2911808,31
2911857,9
2911907,15
2912004,4
2912103,27
2912202,15
2912301,27
2912400,5
2912509,15
2912608,15
2912707,27
2912806,19
2912905,27
2913002,15
2913101,5
2913200,5
2913309,15
2913408,4
2913457,27
2913507,27
2913606,27
2913705,15
2913804,15
2913903,27
2914000,15
2914109,5
2914208,15
2914307,15
2914406,15
2914505,15
2914604,5
2914653,19
2914703,15
2914802,27
2914901,27
2915007,15
2915106,27
2915205,27
2915304,27
2915353,5
2915403,27
2915502,27
2915601,19
2915700,27
2915809,27
2915908,27
2916005,31
2916104,27
2916203,27
2916302,27
2916401,27
2916500,9
2916609,27
2916708,27
2916807,27
2916856,15
2916906,15
2917003,5
2917102,27
2917201,15
2917300,27
2917334,4
2917359,4
2917409,4
2917508,15
2917607,27
2917706,5
2917805,27
2917904,9
2918001,27
2918100,5
2918209,27
2918308,27
2918357,5
2918407,5
2918456,31
2918506,5
2918555,27
2918605,15
2918704,15
2918753,15
2918803,27
2918902,19
2919009,15
2919058,15
2919108,15
2919157,5
2919207,27
2919306,15
2919405,4
2919504,15
2919553,20
2919603,15
2919702,27
2919801,15
2919900,5
2919926,27
2919959,15
2920007,27
2920106,15
2920205,4
2920304,15
2920403,27
2920452,5
2920502,15
2920601,27
2920700,27
2920809,15
2920908,27
2921005,27
2921054,4
2921104,31
2921203,15
2921302,15
2921401,5
2921450,27
2921500,5
2921609,5
2921708,5
2921807,4
2921906,15
2922003,19
2922052,15
2922102,15
2922201,27
2922250,5
2922300,15
2922409,27
2922508,27
2922607,27
2922656,15
2922706,27
2922730,15
2922755,27
2922805,15
2922854,15
2922904,15
2923001,19
2923035,15
2923050,7
2923100,15
2923209,5
2923308,15
2923357,5
2923407,4
2923506,15
2923605,15
2923704,5
2923803,9
2923902,27
2924009,7
2924058,15
2924108,15
2924207,7
2924306,15
2924405,5
2924504,4
2924603,5
2924652,15
2924678,27
2924702,27
2924801,15
2924900,15
2925006,27
2925105,27
2925204,27
2925253,15
2925303,19
2925402,27
2925501,19
2925600,5
2925709,15
2925758,27
2925808,15
2925907,15
2925931,15
2925956,15
2926004,5
2926103,15
2926202,20
2926301,15
2926400,4
2926509,15
2926608,15
2926657,27
2926707,15
2926806,15
2926905,15
2927002,27
2927101,7
2927200,15
2927309,27
2927408,27
2927507,15
2927606,7
2927705,27
2927804,27
2927903,15
2928000,15
2928059,27
2928109,4
2928208,4
2928307,15
2928406,5
2928505,15
2928604,27
2928703,27
2928802,15
2928901,4
2928950,15
2929008,15
2929057,4
2929107,15
2929206,27
2929255,5
2929305,15
2929354,27
2929370,15
2929404,27
2929503,27
2929602,15
2929701,15
2929750,27
2929800,5
2929909,15
2930006,4
2930105,5
2930154,4
2930204,5
2930303,4
2930402,15
2930501,15
2930600,15
2930709,27
2930758,4
2930766,7
2930774,5
2930808,15
2930907,4
2931004,15
2931053,15
2931103,15
2931202,27
2931301,15
2931350,19
2931400,15
2931509,15
2931608,27
2931707,27
2931806,27
2931905,15
2932002,5
2932101,15
2932200,27
2932309,27
2932408,5
2932457,5
2932507,27
2932606,4
2932705,27
2932804,15
2932903,27
2933000,15
2933059,15
2933109,15
2933158,5
2933174,15
2933208,27
2933257,19
2933307,27
2933406,15
2933455,5
2933505,27
2933604,5
3100104,4
3100203,10
3100302,31
3100401,10
3100500,31
3100609,31
3100708,25
3100807,10
3100906,31
3101003,31
3101102,31
3101201,1
3101300,1
3101409,1
3101508,26
3101607,25
3101631,10
3101706,31
3101805,31
3101904,25
3102001,25
3102050,31
3102100,10
3102209,31
3102308,10
3102407,10
3102506,31
3102605,1
3102704,31
3102803,1
3102852,31
3102902,10
3103009,31
3103108,31
3103207,10
3103306,10
3103405,31
3103504,17
3103603,1
3103702,31
3103751,17
3103801,10
3103900,10
3104007,25
3104106,25
3104205,10
3104304,25
3104403,26
3104452,31
3104502,4
3104601,26
3104700,31
3104809,10
3104908,1
3105004,10
3105103,10
3105202,27
3105301,25
3105400,10
3105509,26
3105608,10
3105707,10
3105905,10
3106002,10
3106101,26
3106200,10
3106309,31
3106408,10
3106507,31
3106606,31
3106655,31
3106705,10
3106804,26
3106903,26
3107000,10
3107109,25
3107208,1
3107307,10
3107406,10
3107505,1
3107604,25
3107703,10
3107802,31
3107901,1
3108008,10
3108107,10
3108206,4
3108255,4
3108305,1
3108404,25
3108503,31
3108552,4
3108602,4
3108701,10
3108800,31
3108909,1
3109006,10
3109105,1
3109204,10
3109253,31
3109303,4
3109402,4
3109451,4
3109501,25
3109600,10
3109709,1
3109808,17
3109907,10
3110004,10
3110103,31
3110202,31
3110301,25
3110400,10
3110509,1
3110608,1
3110707,1
3110806,31
3110905,1
3111002,25
3111101,25
3111150,4
3111200,10
3111309,25
3111408,25
3111507,10
3111606,25
3111705,31
3111804,17
3111903,10
3112000,10
3112059,31
3112109,31
3112208,10
3112307,31
3112406,25
3112505,10
3112604,17
3112653,31
3112703,4
3112802,25
3112901,31
3113008,31
3113107,10
3113206,10
3113305,31
3113404,31
3113503,31
3113602,1
3113701,31
3113800,31
3113909,1
3114006,10
3114105,1
3114204,10
3114303,10
3114402,25
3114501,10
3114550,25
3114600,1
3114709,1
3114808,1
3114907,10
3115003,4
3115102,25
3115201,10
3115300,26
3115359,10
3115409,10
3115458,31
3115474,4
3115508,1
3115607,10
3115706,31
3115805,17
3115904,26
3116001,31
3116100,31
3116159,4
3116209,26
3116308,10
3116407,25
3116506,4
3116605,10
3116704,31
3116803,31
3116902,25
3117009,31
3117108,25
3117207,1
3117306,25
3117405,31
3117504,10
3117603,10
3117702,1
3117801,1
3117836,4
3117876,10
3117900,1
3118007,10
3118106,10
3118205,25
3118304,10
3118403,31
3118502,1
3118601,10
3118700,10
3118809,4
3118908,10
3119005,1
3119104,10
3119203,31
3119302,4
3119401,31
3119500,31
3119609,26
3119708,10
3119807,10
3119906,1
3119955,10
3120003,31
3120102,31
3120151,31
3120201,10
3120300,31
3120409,10
3120508,1
3120607,10
3120706,4
3120805,1
3120839,31
3120870,31
3120904,10
3121001,10
3121100,1
3121209,25
3121258,25
3121308,26
3121407,10
3121506,10
3121605,10
3121704,10
3121803,31
3121902,10
3122009,31
3122108,31
3122207,31
3122306,10
3122355,31
3122405,25
3122454,27
3122470,4
3122504,31
3122603,10
3122702,31
3122801,1
3122900,26
3123007,10
3123106,31
3123205,10
3123304,10
3123403,10
3123502,4
3123528,31
3123601,1
3123700,31
3123809,10
3123858,31
3123908,10
3124005,31
3124104,10
3124203,31
3124302,4
3124401,1
3124500,1
3124609,26
3124708,10
3124807,4
3124906,31
3125002,26
3125101,1
3125200,25
3125309,31
3125408,31
3125507,31
3125606,31
3125705,10
3125804,31
3125903,31
3125952,31
3126000,10
3126109,10
3126208,4
3126307,25
3126406,10
3126505,31
3126604,10
3126703,4
3126752,31
3126802,31
3126901,31
3126950,31
3127008,25
3127057,31
3127073,31
3127107,25
3127206,10
3127305,31
3127339,4
3127354,31
3127370,31
3127388,26
3127404,1
3127503,31
3127602,10
3127701,31
3127800,31
3127909,4
3128006,31
3128105,25
3128204,10
3128253,31
3128303,25
3128402,26
3128501,26
3128600,4
3128709,25
3128808,31
3128907,4
3129004,31
3129103,17
3129202,1
3129301,31
3129400,10
3129509,25
3129608,4
3129657,4
3129707,25
3129806,10
3129905,1
3130002,10
3130051,4
3130101,10
3130200,10
3130309,10
3130408,10
3130507,25
3130556,31
3130606,1
3130655,4
3130705,25
3130804,1
3130903,31
3131000,10
3131109,10
3131158,31
3131208,31
3131307,31
3131406,17
3131505,1
3131604,25
3131703,10
3131802,31
3131901,10
3132008,31
3132107,4
3132206,10
3132305,31
3132404,1
3132503,31
3132602,26
3132701,31
3132800,10
3132909,25
3133006,1
3133105,1
3133204,31
3133303,31
3133402,25
3133501,10
3133600,1
3133709,10
3133758,25
3133808,10
3133907,10
3134004,31
3134103,31
3134202,17
3134301,10
3134400,25
3134509,10
3134608,10
3134707,31
3134806,25
3134905,1
3135001,31
3135050,4
3135076,31
3135100,4
3135209,4
3135308,10
3135357,4
3135407,10
3135456,31
3135506,31
3135605,4
3135704,10
3135803,31
3135902,1
3136009,31
3136108,31
3136207,10
3136306,4
3136405,10
3136504,27
3136520,31
3136553,31
3136579,31
3136603,10
3136652,10
3136702,26
3136801,31
3136900,25
3136959,4
3137007,31
3137106,4
3137205,10
3137304,4
3137403,10
3137502,10
3137536,4
3137601,10
3137700,31
3137809,1
3137908,10
3138005,26
3138104,10
3138203,10
3138302,10
3138351,31
3138401,26
3138500,1
3138609,26
3138625,25
3138658,4
3138674,31
3138682,4
3138708,1
3138807,10
3138906,31
3139003,25
3139102,10
3139201,31
3139250,4
3139300,4
3139409,31
3139508,31
3139607,31
3139706,10
3139805,26
3139904,1
3140001,10
3140100,31
3140159,10
3140209,26
3140308,31
3140407,1
3140506,10
3140530,31
3140555,27
3140605,31
3140704,10
3140803,26
3140852,4
3140902,31
3141009,4
3141108,10
3141207,10
3141306,25
3141405,31
3141504,31
3141603,10
3141702,31
3141801,31
3141900,1
3142007,4
3142106,31
3142205,31
3142254,4
3142304,10
3142403,10
3142502,10
3142601,1
3142700,4
3142809,17
3142908,4
3143005,25
3143104,4
3143153,31
3143203,25
3143302,4
3143401,1
3143450,4
3143500,10
3143609,10
3143708,10
3143807,1
3143906,31
3144003,31
3144102,25
3144201,31
3144300,31
3144359,31
3144375,4
3144409,1
3144508,10
3144607,10
3144656,27
3144672,31
3144706,31
3144805,10
3144904,31
3145000,25
3145059,4
3145109,25
3145208,10
3145307,31
3145356,31
3145372,31
3145406,26
3145455,10
3145505,1
3145604,10
3145703,10
3145802,10
3145851,31
3145877,31
3145901,10
3146008,1
3146107,10
3146206,31
3146255,31
3146305,31
3146404,10
3146503,10
3146552,4
3146602,10
3146701,26
3146750,31
3146909,10
3147006,4
3147105,10
3147204,25
3147303,1
3147402,10
3147501,31
3147600,1
3147709,10
3147808,1
3147907,25
3147956,4
3148004,4
3148103,4
3148202,31
3148301,10
3148400,31
3148509,31
3148608,31
3148707,31
3148756,31
3148806,31
3148905,10
3149002,31
3149101,1
3149150,4
3149200,25
3149309,10
3149408,26
3149507,26
3149606,10
3149705,10
3149804,25
3149903,10
3149952,31
3150000,31
3150109,26
3150158,31
3150208,31
3150307,10
3150406,10
3150505,10
3150539,31
3150570,4
3150604,10
3150703,25
3150802,10
3150901,1
3151008,1
3151107,26
3151206,4
3151305,10
3151404,10
3151503,25
3151602,25
3151701,25
3151800,25
3151909,31
3152006,10
3152105,31
3152131,4
3152170,31
3152204,4
3152303,10
3152402,31
3152501,1
3152600,1
3152709,10
3152808,25
3152907,25
3153004,25
3153103,10
3153202,10
3153301,10
3153400,4
3153509,31
3153608,10
3153707,10
3153806,10
3153905,10
3154002,31
3154101,26
3154150,31
3154200,10
3154309,31
3154408,10
3154457,4
3154507,4
3154606,10
3154705,10
3154804,10
3154903,31
3155009,31
3155108,31
3155207,10
3155306,10
3155405,26
3155504,10
3155603,4
3155702,10
3155801,10
3155900,26
3156007,31
3156106,10
3156205,26
3156304,26
3156403,4
3156452,31
3156502,31
3156601,31
3156700,10
3156809,31
3156908,25
3157005,31
3157104,27
3157203,10
3157252,31
3157278,26
3157302,10
3157336,10
3157377,31
3157401,31
3157500,31
3157609,4
3157658,31
3157708,25
3157807,10
3157906,31
3158003,31
3158102,27
3158201,31
3158300,25
3158409,26
3158508,10
3158607,26
3158706,26
3158805,10
3158904,31
3158953,31
3159001,10
3159100,10
3159209,1
3159308,1
3159357,31
3159407,26
3159506,31
3159605,1
3159704,10
3159803,17
3159902,10
3160009,26
3160108,31
3160207,31
3160306,31
3160405,10
3160454,4
3160504,10
3160603,10
3160702,10
3160801,1
3160900,10
3160959,31
3161007,31
3161056,31
3161106,4
3161205,10
3161304,25
3161403,31
3161502,31
3161601,31
3161650,31
3161700,4
3161809,10
3161908,10
3162005,1
3162104,10
3162203,25
3162252,4
3162302,1
3162401,4
3162450,4
3162500,10
3162559,31
3162575,31
3162609,31
3162658,4
3162708,4
3162807,31
3162906,26
3162922,10
3162948,25
3162955,10
3163003,31
3163102,10
3163201,1
3163300,31
3163409,31
3163508,31
3163607,31
3163706,1
3163805,31
3163904,25
3164001,31
3164100,31
3164209,4
3164308,25
3164407,1
3164431,31
3164472,31
3164506,31
3164605,10
3164704,25
3164803,31
3164902,1
3165008,10
3165107,25
3165206,1
3165305,1
3165404,1
3165503,31
3165537,10
3165552,31
3165560,31
3165578,1
3165602,26
3165701,10
3165800,1
3165909,31
3166006,10
3166105,31
3166204,10
3166303,31
3166402,1
3166501,31
3166600,10
3166709,19
3166808,25
3166907,25
3166956,4
3167004,1
3167103,10
3167202,10
3167301,10
3167400,1
3167509,26
3167608,31
3167707,31
3167806,1
3167905,10
3168002,31
3168051,31
3168101,25
3168200,10
3168309,10
3168408,31
3168507,31
3168606,31
3168705,31
3168804,10
3168903,10
3169000,10
3169059,1
3169109,1
3169208,31
3169307,1
3169356,10
3169406,25
3169505,31
3169604,17
3169703,31
3169802,1
3169901,10
3170008,4
3170057,31
3170107,25
3170206,25
3170305,31
3170404,4
3170438,25
3170479,4
3170503,31
3170529,4
3170578,31
3170602,25
3170651,4
3170701,1
3170750,4
3170800,4
3170909,4
3171006,4
3171030,4
3171071,31
3171105,25
3171154,31
3171204,10
3171303,31
3171402,31
3171501,31
3171600,31
3171709,1
3171808,31
3171907,31
3172004,31
3172103,26
3172202,1
3200102,19
3200136,19
3200169,31
3200201,19
3200300,19
3200359,19
3200409,19
3200508,19
3200607,19
3200706,19
3200805,19
3200904,19
3201001,19
3201100,19
3201159,31
3201209,19
3201308,19
3201407,19
3201506,19
3201605,19
3201704,19
3201803,31
3201902,19
3202009,31
3202108,31
3202207,19
3202256,19
3202306,31
3202405,19
3202454,31
3202504,19
3202553,31
3202603,19
3202652,31
3202702,19
3202801,19
3202900,19
3203007,31
3203056,19
3203106,19
3203130,19
3203163,19
3203205,19
3203304,31
3203320,19
3203346,19
3203353,19
3203403,19
3203502,19
3203601,19
3203700,31
3203809,19
3203908,19
3204005,19
3204054,19
3204104,19
3204203,19
3204252,19
3204302,19
3204351,19
3204401,19
3204500,19
3204559,19
3204609,19
3204658,19
3204708,19
3204807,19
3204906,19
3204955,19
3205002,19
3205010,19
3205036,19
3205069,19
3205101,19
3205150,19
3205176,19
3205200,19
3205309,19
3300100,1
3300159,26
3300209,26
3300225,26
3300233,26
3300258,26
3300308,26
3300407,1
3300456,26
3300506,26
3300605,19
3300704,26
3300803,26
3300902,26
3300936,26
3300951,26
3301009,26
3301108,26
3301157,19
3301207,26
3301306,26
3301405,26
3301504,26
3301603,26
3301702,26
3301801,26
3301850,26
3301876,26
3301900,26
3302007,26
3302056,19
3302106,26
3302205,31
3302254,1
3302270,26
3302304,26
3302403,26
3302452,26
3302502,26
3302601,26
3302700,26
3302809,26
3302858,26
3302908,26
3303005,26
3303104,31
3303203,26
3303302,26
3303401,26
3303500,26
3303609,26
3303708,26
3303807,1
3303856,26
3303906,26
3303955,1
3304003,26
3304102,31
3304110,1
3304128,1
3304144,26
3304151,26
3304201,1
3304300,26
3304409,1
3304508,26
3304524,26
3304557,26
3304607,26
3304706,26
3304755,19
3304805,26
3304904,26
3305000,19
3305109,26
3305133,26
3305158,26
3305208,26
3305307,26
3305406,26
3305505,26
3305554,26
3305604,26
3305703,26
3305752,26
3305802,26
3305901,26
3306008,26
3306107,26
3306156,31
3306206,26
3306305,1
3500105,8
3500204,25
3500303,1
3500402,25
3500501,1
3500550,1
3500600,1
3500709,1
3500758,1
3500808,8
3500907,25
3501004,25
3501103,8
3501152,1
3501202,25
3501301,8
3501400,8
3501509,8
3501608,1
3501707,25
3501806,25
3501905,1
3502002,1
3502101,8
3502200,1
3502309,1
3502408,8
3502507,1
3502606,25
3502705,2
3502754,1
3502804,8
3502903,1
3503000,25
3503109,1
3503158,1
3503208,25
3503307,1
3503356,8
3503406,25
3503505,1
3503604,1
3503703,25
3503802,1
3503901,1
3503950,25
3504008,8
3504107,1
3504206,25
3504305,25
3504404,25
3504503,1
3504602,25
3504701,25
3504800,25
3504909,1
3505005,2
3505104,25
3505203,1
3505302,1
3505351,2
3505401,2
3505500,25
3505609,25
3505708,1
3505807,8
3505906,25
3506003,1
3506102,25
3506201,8
3506300,1
3506359,1
3506409,8
3506508,8
3506607,1
3506706,25
3506805,1
3506904,1
3507001,1
3507100,1
3507159,2
3507209,8
3507308,1
3507407,25
3507456,1
3507506,1
3507605,1
3507704,8
3507753,25
3507803,25
3507902,1
3508009,1
3508108,25
3508207,25
3508306,1
3508405,1
3508504,1
3508603,1
3508702,25
3508801,25
3508900,8
3509007,1
3509106,8
3509205,1
3509254,2
3509304,25
3509403,25
3509452,1
3509502,1
3509601,1
3509700,1
3509809,8
3509908,2
3509957,1
3510005,8
3510104,25
3510153,8
3510203,1
3510302,1
3510401,1
3510500,1
3510609,1
3510708,25
3510807,25
3510906,25
3511003,8
3511102,25
3511201,25
3511300,25
3511409,1
3511508,1
3511607,1
3511706,1
3511904,8
3512001,25
3512100,25
3512209,1
3512308,1
3512407,1
3512506,8
3512605,1
3512704,1
3512803,1
3512902,25
3513009,1
3513108,25
3513207,25
3513306,8
3513405,1
3513504,1
3513603,1
3513702,1
3513801,1
3513850,25
3513900,25
3514007,25
3514106,1
3514205,25
3514304,1
3514403,8
3514502,1
3514601,25
3514700,8
3514809,2
3514908,1
3514924,25
3514957,25
3515004,1
3515103,1
3515129,8
3515152,1
3515186,1
3515194,1
3515202,25
3515301,8
3515350,8
3515400,2
3515509,25
3515608,25
3515657,1
3515707,1
3515806,8
3515905,25
3516002,8
3516101,8
3516200,25
3516309,1
3516408,1
3516507,8
3516606,1
3516705,8
3516804,25
3516853,25
3516903,25
3517000,25
3517109,25
3517208,25
3517307,25
3517406,25
3517505,25
3517604,1
3517703,25
3517802,8
3517901,25
3518008,25
3518107,25
3518206,8
3518305,1
3518404,1
3518503,1
3518602,25
3518701,1
3518800,1
3518859,25
3518909,25
3519006,8
3519055,1
3519071,1
3519105,25
3519204,8
3519253,1
3519303,25
3519402,25
3519501,8
3519600,25
3519709,1
3519808,25
3519907,8
3520004,1
3520103,25
3520202,1
3520301,1
3520400,1
3520426,1
3520442,8
3520509,1
3520608,8
3520707,25
3520806,8
3520905,8
3521002,1
3521101,1
3521150,25
3521200,2
3521309,25
3521408,1
3521507,25
3521606,8
3521705,2
3521804,1
3521903,25
3522000,25
3522109,1
3522158,2
3522208,1
3522307,1
3522406,1
3522505,1
3522604,1
3522653,2
3522703,25
3522802,2
3522901,1
3523008,8
3523107,1
3523206,2
3523305,1
3523404,1
3523503,1
3523602,1
3523701,25
3523800,25
3523909,1
3524006,1
3524105,25
3524204,25
3524303,25
3524402,1
3524501,25
3524600,2
3524709,1
3524808,25
3524907,1
3525003,1
3525102,25
3525201,1
3525300,1
3525409,25
3525508,1
3525607,8
3525706,25
3525805,25
3525854,1
3525904,1
3526001,8
3526100,1
3526209,1
3526308,1
3526407,1
3526506,8
3526605,1
3526704,1
3526803,1
3526902,1
3527009,1
3527108,25
3527207,1
3527256,25
3527306,1
3527405,8
3527504,1
3527603,25
3527702,8
3527801,8
3527900,8
3528007,1
3528106,25
3528205,25
3528304,25
3528403,1
3528502,1
3528601,1
3528700,8
3528809,8
3528858,25
3528908,8
3529005,8
3529104,25
3529203,8
3529302,25
3529401,1
3529500,25
3529609,25
3529658,25
3529708,25
3529807,1
3529906,1
3530003,25
3530102,8
3530201,8
3530300,25
3530409,25
3530508,25
3530607,1
3530706,1
3530805,1
3530904,1
3531001,25
3531100,1
3531209,1
3531308,25
3531407,25
3531506,25
3531605,8
3531704,1
3531803,1
3531902,25
3532009,1
3532058,25
3532108,8
3532157,8
3532207,8
3532306,1
3532405,1
3532504,25
3532603,25
3532702,25
3532801,25
3532827,2
3532843,25
3532868,25
3532900,25
3533007,25
3533106,8
3533205,8
3533254,25
3533304,25
3533403,1
3533502,25
3533601,25
3533700,8
3533809,1
3533908,25
3534005,25
3534104,8
3534203,25
3534302,25
3534401,1
3534500,8
3534609,8
3534708,8
3534757,25
3534807,8
3534906,8
3535002,25
3535101,25
3535200,25
3535309,8
3535408,8
3535507,8
3535606,1
3535705,25
3535804,1
3535903,25
3536000,8
3536109,1
3536208,1
3536257,25
3536307,25
3536406,8
3536505,1
3536570,1
3536604,25
3536703,1
3536802,1
3536901,25
3537008,25
3537107,1
3537156,8
3537206,1
3537305,25
3537404,8
3537503,1
3537602,1
3537701,8
3537800,1
3537909,1
3538006,1
3538105,25
3538204,1
3538303,8
3538501,1
3538600,1
3538709,1
3538808,1
3538907,25
3539004,25
3539103,1
3539202,8
3539301,1
3539400,1
3539509,25
3539608,25
3539707,8
3539806,1
3539905,25
3540002,8
3540101,25
3540200,25
3540259,25
3540309,25
3540408,25
3540507,1
3540606,1
3540705,25
3540754,1
3540804,25
3540853,8
3540903,25
3541000,1
3541059,1
3541109,25
3541208,8
3541307,8
3541406,8
3541505,8
3541604,25
3541653,1
3541703,8
3541802,8
3541901,1
3542008,8
3542107,1
3542206,8
3542305,1
3542404,8
3542503,25
3542602,1
3542701,25
3542800,2
3542909,1
3543006,2
3543105,25
3543204,8
3543238,8
3543253,1
3543303,1
3543402,25
3543501,2
3543600,25
3543709,25
3543808,8
3543907,1
3544004,1
3544103,1
3544202,25
3544251,8
3544301,1
3544400,8
3544509,8
3544608,25
3544707,8
3544806,25
3544905,25
3545001,1
3545100,8
3545159,1
3545209,1
3545308,1
3545407,8
3545506,8
3545605,25
3545704,25
3545803,1
3546009,1
3546108,25
3546207,1
3546256,25
3546306,25
3546405,8
3546504,25
3546603,25
3546702,1
3546801,1
3546900,25
3547007,1
3547106,8
3547205,25
3547304,1
3547403,25
3547502,25
3547601,25
3547650,25
3547700,8
3547809,1
3547908,25
3548005,1
3548054,25
3548104,1
3548203,1
3548302,8
3548401,8
3548500,1
3548609,1
3548708,1
3548807,1
3548906,1
3549003,25
3549102,1
3549201,25
3549250,25
3549300,8
3549409,25
3549508,25
3549607,1
3549706,25
3549805,25
3549904,1
3549953,1
3550001,1
3550100,1
3550209,1
3550308,1
3550407,1
3550506,8
3550605,1
3550704,1
3550803,25
3550902,25
3551009,1
3551108,1
3551207,1
3551306,25
3551405,25
3551504,25
3551603,1
3551702,25
3551801,1
3551900,25
3552007,1
3552106,1
3552205,1
3552304,8
3552403,1
3552502,1
3552551,8
3552601,25
3552700,25
3552809,1
3552908,8
3553005,1
3553104,25
3553203,25
3553302,25
3553401,25
3553500,1
3553609,25
3553658,25
3553708,25
3553807,1
3553856,1
3553906,8
3553955,8
3554003,1
3554102,1
3554201,1
3554300,8
3554409,25
3554508,1
3554607,8
3554656,1
3554706,1
3554755,1
3554805,1
3554904,25
3554953,1
3555000,8
3555109,8
3555208,25
3555307,25
3555356,25
3555406,1
3555505,8
3555604,25
3555703,25
3555802,25
3555901,25
3556008,25
3556107,25
3556206,1
3556305,8
3556354,1
3556404,25
3556453,1
3556503,1
3556602,8
3556701,1
3556800,25
3556909,25
3556958,25
3557006,1
3557105,25
3557154,25
3557204,8
3557303,1
4100103,8
4100202,2
4100301,2
4100400,2
4100459,8
4100509,8
4100608,8
4100707,8
4100806,8
4100905,8
4101002,2
4101051,8
4101101,8
4101150,8
4101200,2
4101309,2
4101408,8
4101507,8
4101606,2
4101655,8
4101705,8
4101804,2
4101853,8
4101903,8
4102000,8
4102109,8
4102208,8
4102307,2
4102406,8
4102505,8
4102604,2
4102703,8
4102752,8
4102802,8
4102901,2
4103008,8
4103024,8
4103040,8
4103057,8
4103107,2
4103156,2
4103206,8
4103222,2
4103305,8
4103354,8
4103370,8
4103404,8
4103453,8
4103479,8
4103503,8
4103602,8
4103701,8
4103800,8
4103909,8
4103958,8
4104006,2
4104055,8
4104105,2
4104204,2
4104253,2
4104303,8
4104402,8
4104428,8
4104451,8
4104501,8
4104600,8
4104659,2
4104709,8
4104808,8
4104907,2
4105003,8
4105102,8
4105201,2
4105300,8
4105409,2
4105508,8
4105607,8
4105706,2
4105805,2
4105904,8
4106001,8
4106100,8
4106209,2
4106308,8
4106407,8
4106456,2
4106506,2
4106555,8
4106571,8
4106605,8
4106704,8
4106803,2
4106852,8
4106902,2
4107009,8
4107108,8
4107124,8
4107157,8
4107207,8
4107256,8
4107306,8
4107405,8
4107504,8
4107520,8
4107538,8
4107546,8
4107553,8
4107603,8
4107652,2
4107702,8
4107736,2
4107751,8
4107801,8
4107850,2
4107900,8
4108007,8
4108106,8
4108205,8
4108304,8
4108320,8
4108403,2
4108452,8
4108502,2
4108551,8
4108601,8
4108650,8
4108700,8
4108809,8
4108908,8
4108957,8
4109005,8
4109104,8
4109203,8
4109302,8
4109401,8
4109500,2
4109609,2
4109658,2
4109708,8
4109757,8
4109807,8
4109906,8
4110003,8
4110052,8
4110078,8
4110102,2
4110201,2
4110300,8
4110409,8
4110508,8
4110607,8
4110656,8
4110706,2
4110805,8
4110904,8
4110953,8
4111001,8
4111100,8
4111209,2
4111258,2
4111308,8
4111407,8
4111506,8
4111555,8
4111605,8
4111704,8
4111803,8
4111902,8
4112009,2
4112108,8
4112207,8
4112306,8
4112405,8
4112504,8
4112603,8
4112702,8
4112751,8
4112801,8
4112900,8
4112959,8
4113007,8
4113106,8
4113205,2
4113254,8
4113304,8
4113403,8
4113429,8
4113452,8
4113502,8
4113601,8
4113700,8
4113734,8
4113759,8
4113809,8
4113908,2
4114005,8
4114104,8
4114203,8
4114302,2
4114351,2
4114401,2
4114500,8
4114609,8
4114708,8
4114807,8
4114906,8
4115002,8
4115101,8
4115200,8
4115309,2
4115358,8
4115408,2
4115457,8
4115507,8
4115606,8
4115705,2
4115739,8
4115754,8
4115804,8
4115853,8
4115903,8
4116000,8
4116059,8
4116109,8
4116208,2
4116307,8
4116406,8
4116505,8
4116604,8
4116703,8
4116802,8
4116901,8
4116950,8
4117008,8
4117057,8
4117107,8
4117206,8
4117214,8
4117222,8
4117255,8
4117271,8
4117297,8
4117305,8
4117404,8
4117453,8
4117503,8
4117602,2
4117701,2
4117800,8
4117909,8
4118006,8
4118105,8
4118204,2
4118303,8
4118402,8
4118451,8
4118501,2
4118600,2
4118709,2
4118808,8
4118857,8
4118907,8
4119004,8
4119103,2
4119152,2
4119202,8
4119251,2
4119301,2
4119400,2
4119509,2
4119608,8
4119657,8
4119707,8
4119806,8
4119905,2
4119954,2
4120002,8
4120101,2
4120150,8
4120200,8
4120309,2
4120333,8
4120358,2
4120408,8
4120507,8
4120606,8
4120655,8
4120705,8
4120804,2
4120853,8
4120903,8
4121000,8
4121109,8
4121208,2
4121257,8
4121307,8
4121356,8
4121406,8
4121505,2
4121604,2
4121703,8
4121752,2
4121802,8
4121901,8
4122008,2
4122107,8
4122156,8
4122172,8
4122206,2
4122305,2
4122404,8
4122503,8
4122602,8
4122651,8
4122701,8
4122800,2
4122909,2
4123006,8
4123105,8
4123204,8
4123303,8
4123402,8
4123501,8
4123600,8
4123709,8
4123808,8
4123824,8
4123857,8
4123907,8
4123956,8
4124004,2
4124020,8
4124053,8
4124103,8
4124202,8
4124301,8
4124400,2
4124509,8
4124608,8
4124707,8
4124806,8
4124905,8
4125001,8
4125100,2
4125209,8
4125308,8
4125357,8
4125407,2
4125456,8
4125506,2
4125555,8
4125605,2
4125704,8
4125753,8
4125803,8
4125902,8
4126009,8
4126108,8
4126207,8
4126256,8
4126272,8
4126306,2
4126355,8
4126405,8
4126504,8
4126603,2
4126652,8
4126678,8
4126702,8
4126801,8
4126900,8
4127007,2
4127106,8
4127205,8
4127304,8
4127403,8
4127502,8
4127601,2
4127700,8
4127809,8
4127858,8
4127882,2
4127908,8
4127957,8
4127965,8
4128005,8
4128104,8
4128203,2
4128302,8
4128401,8
4128500,2
4128534,8
4128559,8
4128609,8
4128625,8
4128633,2
4128658,8
4128708,2
4128807,8
4200051,2
4200101,2
4200200,2
4200309,2
4200408,2
4200507,2
4200556,2
4200606,2
4200705,2
4200754,2
4200804,2
4200903,2
4201000,2
4201109,2
4201208,2
4201257,2
4201273,2
4201307,2
4201406,2
4201505,2
4201604,2
4201653,2
4201703,2
4201802,2
4201901,2
4201950,2
4202008,2
4202057,2
4202073,2
4202081,2
4202099,2
4202107,2
4202131,2
4202156,2
4202206,2
4202305,2
4202404,2
4202438,2
4202453,2
4202503,2
4202537,2
4202578,2
4202602,2
4202701,2
4202800,2
4202859,2
4202875,2
4202909,2
4203006,2
4203105,2
4203154,2
4203204,2
4203253,2
4203303,2
4203402,2
4203501,2
4203600,2
4203709,2
4203808,2
4203907,2
4203956,2
4204004,2
4204103,2
4204152,2
4204178,2
4204194,2
4204202,2
4204251,2
4204301,2
4204350,2
4204400,2
4204459,2
4204509,2
4204558,2
4204608,2
4204707,2
4204756,2
4204806,2
4204905,2
4205001,2
4205100,2
4205159,2
4205175,2
4205191,2
4205209,2
4205308,2
4205357,2
4205407,2
4205431,2
4205456,2
4205506,2
4205555,2
4205605,2
4205704,2
4205803,2
4205902,2
4206009,2
4206108,2
4206207,2
4206306,2
4206405,2
4206504,2
4206603,2
4206652,2
4206702,2
4206751,2
4206801,2
4206900,2
4207007,2
4207106,2
4207205,2
4207304,2
4207403,2
4207502,2
4207577,2
4207601,2
4207650,2
4207684,2
4207700,2
4207759,2
4207809,2
4207858,2
4207908,2
4208005,2
4208104,2
4208203,2
4208302,2
4208401,2
4208450,2
4208500,2
4208609,2
4208708,2
4208807,2
4208906,2
4208955,2
4209003,2
4209102,2
4209151,2
4209177,2
4209201,2
4209300,2
4209409,2
4209458,2
4209508,2
4209607,2
4209706,2
4209805,2
4209854,2
4209904,2
4210001,2
4210035,2
4210050,2
4210100,2
4210209,2
4210308,2
4210407,2
4210506,2
4210555,2
4210605,2
4210704,2
4210803,2
4210852,2
4210902,2
4211009,2
4211058,2
4211108,2
4211207,2
4211256,2
4211306,2
4211405,2
4211454,2
4211504,2
4211603,2
4211652,2
4211702,2
4211751,2
4211801,2
4211850,2
4211876,2
4211892,2
4211900,2
4212007,2
4212056,2
4212106,2
4212205,2
4212239,2
4212254,2
4212270,2
4212304,2
4212403,2
4212502,2
4212601,2
4212650,2
4212700,2
4212809,2
4212908,2
4213005,2
4213104,2
4213153,2
4213203,2
4213302,2
4213351,2
4213401,2
4213500,2
4213609,2
4213708,2
4213807,2
4213906,2
4214003,2
4214102,2
4214151,2
4214201,2
4214300,2
4214409,2
4214508,2
4214607,2
4214706,2
4214805,2
4214904,2
4215000,2
4215059,2
4215075,2
4215109,2
4215208,2
4215307,2
4215356,2
4215406,2
4215455,2
4215505,2
4215554,2
4215604,2
4215653,2
4215679,2
4215687,2
4215695,2
4215703,2
4215752,2
4215802,2
4215901,2
4216008,2
4216057,2
4216107,2
4216206,2
4216255,2
4216305,2
4216354,2
4216404,2
4216503,2
4216602,2
4216701,2
4216800,2
4216909,2
4217006,2
4217105,2
4217154,2
4217204,2
4217253,2
4217303,2
4217402,2
4217501,2
4217550,2
4217600,2
4217709,2
4217758,2
4217808,2
4217907,2
4217956,2
4218004,2
4218103,2
4218202,2
4218251,2
4218301,2
4218350,2
4218400,2
4218509,2
4218608,2
4218707,2
4218756,2
4218806,2
4218855,2
4218905,2
4218954,2
4219002,2
4219101,2
4219150,2
4219176,2
4219200,2
4219309,2
4219358,2
4219408,2
4219507,2
4219606,2
4219705,2
4219853,2
4220000,2
4300034,3
4300059,33
4300109,2
4300208,2
4300307,2
4300406,2
4300455,2
4300471,2
4300505,2
4300554,33
4300570,33
4300604,2
4300638,2
4300646,2
4300661,33
4300703,33
4300802,33
4300851,2
4300877,2
4300901,2
4301008,33
4301057,2
4301073,3
4301107,2
4301206,33
4301305,3
4301404,33
4301503,2
4301552,2
4301602,3
4301636,2
4301651,33
4301701,2
4301750,2
4301800,2
4301859,2
4301875,2
4301909,2
4301925,2
4301958,2
4302006,33
4302055,2
4302105,33
4302154,2
4302204,2
4302220,2
4302238,33
4302253,33
4302303,2
4302352,2
4302378,2
4302402,2
4302451,33
4302501,2
4302584,2
4302600,2
4302659,2
4302709,2
4302808,3
4302907,2
4303004,2
4303103,2
4303202,2
4303301,2
4303400,2
4303509,2
4303558,33
4303608,2
4303673,33
4303707,2
4303806,2
4303905,2
4304002,2
4304101,33
4304200,2
4304309,2
4304358,3
4304408,33
4304507,3
4304606,2
4304614,33
4304622,2
4304630,2
4304655,2
4304663,3
4304671,2
4304689,2
4304697,33
4304705,2
4304713,2
4304804,33
4304853,2
4304903,33
4304952,33
4305009,2
4305108,33
4305116,2
4305124,3
4305132,2
4305157,2
4305173,2
4305207,2
4305306,2
4305355,2
4305371,2
4305405,2
4305439,3
4305447,2
4305454,2
4305504,33
4305587,33
4305603,2
4305702,2
4305801,2
4305835,33
4305850,2
4305871,2
4305900,2
4305934,33
4305959,33
4305975,2
4306007,2
4306056,2
4306072,2
4306106,2
4306130,2
4306205,2
4306304,33
4306320,2
4306353,2
4306379,2
4306403,2
4306429,2
4306452,33
4306502,2
4306551,2
4306601,3
4306700,2
4306734,2
4306759,33
4306767,2
4306809,33
4306908,2
4306924,2
4306932,2
4306957,2
4306973,2
4307005,2
4307054,33
4307104,3
4307203,2
4307302,2
4307401,2
4307450,2
4307500,33
4307559,2
4307609,2
4307708,2
4307807,33
4307815,33
4307831,2
4307864,33
4307906,33
4308003,2
4308052,2
4308078,2
4308102,2
4308201,33
4308250,2
4308300,33
4308409,2
4308433,33
4308458,33
4308508,2
4308607,33
4308656,2
4308706,2
4308805,2
4308854,33
4308904,2
4309001,2
4309050,2
4309100,33
4309126,2
4309159,33
4309209,2
4309258,33
4309308,2
4309407,33
4309506,2
4309555,2
4309571,33
4309605,2
4309654,3
4309704,2
4309753,33
4309803,2
4309902,33
4309951,33
4310009,33
4310108,2
4310207,2
4310306,33
4310330,2
4310363,33
4310405,2
4310413,2
4310439,33
4310462,2
4310504,2
4310538,2
4310553,2
4310579,33
4310603,2
4310652,2
4310702,2
4310751,2
4310801,2
4310850,2
4310876,33
4310900,2
4311007,3
4311106,2
4311122,2
4311130,2
4311155,2
4311205,33
4311239,2
4311254,33
4311270,33
4311304,33
4311403,33
4311429,2
4311502,3
4311601,2
4311627,2
4311643,2
4311700,2
4311718,2
4311734,2
4311759,2
4311775,2
4311791,2
4311809,33
4311908,2
4311981,2
4312005,2
4312054,33
4312104,2
4312138,33
4312153,2
4312179,2
4312203,2
4312252,2
4312302,2
4312351,33
4312377,33
4312385,33
4312401,2
4312427,33
4312443,2
4312450,3
4312476,2
4312500,2
4312609,33
4312617,33
4312625,33
4312658,33
4312674,33
4312708,2
4312757,33
4312807,33
4312906,33
4312955,2
4313003,33
4313011,2
4313037,2
4313060,2
4313086,33
4313102,33
4313201,33
4313300,33
4313334,2
4313359,33
4313375,2
4313391,2
4313409,2
4313425,2
4313441,2
4313466,2
4313490,2
4313508,2
4313607,2
4313656,2
4313706,2
4313805,2
4313904,2
4313953,2
4314001,33
4314027,2
4314035,2
4314050,2
4314068,33
4314076,2
4314100,33
4314134,2
4314159,2
4314175,3
4314209,3
4314308,2
4314407,3
4314423,2
4314456,2
4314464,2
4314472,33
4314498,2
4314506,3
4314548,33
4314555,2
4314605,3
4314704,2
4314753,33
4314779,2
4314787,2
4314803,2
4314902,2
4315008,2
4315057,2
4315073,2
4315107,2
4315131,33
4315149,2
4315156,33
4315172,33
4315206,33
4315305,3
4315313,2
4315321,33
4315354,33
4315404,2
4315453,33
4315503,2
4315552,2
4315602,3
4315701,2
4315750,2
4315800,33
4315909,2
4315958,2
4316006,2
4316105,2
4316204,2
4316303,2
4316402,3
4316428,2
4316436,2
4316451,33
4316477,2
4316501,33
4316600,2
4316709,2
4316733,33
4316758,33
4316808,2
4316907,2
4316956,2
4316972,3
4317004,3
4317103,3
4317202,2
4317251,33
4317301,3
4317400,2
4317509,2
4317558,33
4317608,2
4317707,2
4317756,2
4317806,2
4317905,2
4317954,2
4318002,2
4318051,33
4318101,2
4318200,33
4318309,3
4318408,2
4318424,2
4318432,2
4318440,33
4318457,2
4318465,33
4318481,2
4318499,2
4318507,3
4318606,2
4318614,2
4318622,2
4318705,2
4318804,3
4318903,2
4319000,33
4319109,2
4319125,2
4319158,2
4319208,2
4319307,2
4319356,33
4319364,2
4319372,2
4319406,2
4319505,2
4319604,2
4319703,2
4319711,33
4319737,2
4319752,33
4319802,2
4319901,2
4320008,2
4320107,2
4320206,2
4320230,2
4320263,33
4320305,33
4320321,2
4320354,2
4320404,33
4320453,33
4320503,2
4320552,2
4320578,2
4320602,2
4320651,2
4320677,33
4320701,33
4320800,33
4320859,2
4320909,2
4321006,33
4321105,2
4321204,2
4321303,2
4321329,2
4321352,3
4321402,2
4321436,2
4321451,33
4321469,33
4321477,2
4321493,2
4321501,2
4321600,2
4321626,33
4321634,2
4321667,2
4321709,2
4321808,2
4321832,2
4321857,2
4321907,2
4321956,2
4322004,2
4322103,2
4322152,33
4322186,2
4322202,2
4322251,2
4322301,2
4322327,3
4322343,2
4322350,33
4322376,2
4322400,2
4322509,2
4322525,2
4322533,2
4322541,33
4322558,33
4322608,2
4322707,2
4322806,33
4322855,33
4322905,2
4323002,2
4323101,2
4323200,33
4323309,33
4323358,2
4323408,33
4323457,2
4323507,2
4323606,33
4323705,2
4323754,2
4323770,33
4323804,2
5000203,8
5000252,32
5000609,8
5000708,8
5000807,8
5000856,8
5000906,8
5001003,8
5001102,32
5001243,8
5001508,32
5001904,8
5002001,8
5002100,8
5002159,32
5002209,32
5002308,8
5002407,8
5002605,32
5002704,8
5002803,8
5002902,17
5002951,32
5003108,32
5003157,8
5003207,32
5003256,32
5003306,32
5003454,8
5003488,8
5003504,8
5003702,8
5003751,8
5003801,8
5003900,32
5004007,8
5004106,8
5004304,8
5004403,8
5004502,8
5004601,8
5004700,8
5004809,8
5004908,32
5005004,8
5005103,8
5005152,8
5005202,32
5005251,8
5005400,8
5005608,32
5005681,8
5005707,8
5005806,8
5006002,8
5006200,8
5006259,8
5006275,32
5006309,25
5006358,8
5006408,32
5006606,8
5006903,32
5007109,8
5007208,8
5007307,32
5007406,32
5007505,32
5007554,8
5007695,32
5007703,8
5007802,8
5007901,8
5007935,32
5007950,8
5007976,8
5008008,8
5008305,8
5008404,8
5100102,32
5100201,32
5100250,32
5100300,32
5100359,20
5100409,32
5100508,32
5100607,32
5100805,14
5101001,20
5101209,32
5101258,32
5101308,32
5101407,24
5101605,32
5101704,32
5101803,32
5101852,20
5101902,32
5102504,32
5102603,32
5102637,32
5102678,32
5102686,32
5102694,20
5102702,20
5102793,32
5102850,32
5103007,32
5103056,32
5103106,20
5103205,32
5103254,24
5103304,32
5103353,20
5103361,32
5103379,24
5103403,32
5103437,32
5103452,32
5103502,32
5103601,32
5103700,32
5103809,32
5103858,32
5103908,32
5103957,32
5104104,20
5104203,32
5104500,32
5104526,32
5104542,32
5104559,32
5104609,32
5104807,32
5104906,32
5105002,32
5105101,32
5105150,24
5105176,24
5105200,32
5105234,32
5105259,32
5105309,20
5105507,32
5105580,20
5105606,20
5105622,32
5105903,32
5106000,32
5106109,32
5106158,24
5106174,20
5106182,32
5106190,32
5106208,32
5106216,32
5106224,32
5106232,32
5106240,32
5106257,32
5106265,32
5106273,32
5106281,32
5106299,32
5106307,32
5106315,20
5106372,32
5106422,20
5106455,32
5106505,32
5106653,32
5106703,32
5106752,32
5106778,20
5106802,32
5106828,32
5106851,32
5107008,32
5107040,32
5107065,20
5107107,32
5107156,32
5107180,20
5107198,32
5107206,32
5107248,32
5107263,32
5107297,32
5107305,32
5107354,20
5107404,32
5107578,24
5107602,32
5107701,32
5107743,20
5107750,32
5107768,32
5107776,20
5107792,32
5107800,32
5107859,20
5107875,32
5107883,20
5107909,32
5107925,32
5107941,32
5107958,32
5108006,32
5108055,32
5108105,32
5108204,32
5108303,32
5108352,32
5108402,32
5108501,32
5108600,20
5108808,32
5108857,32
5108907,32
5108956,32
5200050,17
5200100,4
5200134,17
5200159,17
5200175,4
5200209,17
5200258,4
5200308,4
5200506,17
5200555,4
5200605,4
5200803,4
5200829,4
5200852,17
5200902,17
5201108,17
5201207,4
5201306,17
5201405,17
5201454,17
5201504,17
5201603,17
5201702,17
5201801,17
5202155,4
5202353,17
5202502,20
5202601,17
5202809,17
5203104,32
5203203,4
5203302,17
5203401,17
5203500,17
5203559,17
5203575,20
5203609,17
5203807,4
5203906,17
5203939,17
5203962,4
5204003,4
5204102,17
5204201,17
5204250,17
5204300,17
5204409,17
5204508,17
5204557,17
5204607,17
5204656,4
5204706,4
5204805,4
5204854,17
5204904,4
5204953,4
5205000,4
5205059,17
5205109,4
5205208,17
5205307,4
5205406,4
5205455,17
5205471,32
5205497,4
5205513,4
5205521,4
5205703,17
5205802,4
5205901,17
5206206,4
5206305,17
5206404,4
5206503,17
5206602,4
5206701,4
5206800,17
5206909,4
5207105,17
5207253,32
5207352,17
5207402,17
5207501,4
5207535,4
5207600,17
5207808,17
5207907,4
5208004,4
5208103,4
5208152,4
5208301,4
5208400,17
5208509,4
5208608,4
5208707,17
5208806,17
5208905,17
5209101,17
5209150,17
5209200,17
5209291,4
5209408,4
5209457,4
5209606,4
5209705,17
5209804,4
5209903,4
5209937,17
5209952,17
5210000,17
5210109,4
5210158,4
5210208,17
5210307,17
5210406,17
5210562,4
5210604,4
5210802,17
5210901,4
5211008,17
5211206,4
5211305,17
5211404,17
5211503,17
5211602,17
5211701,17
5211800,4
5211909,17
5212006,17
5212055,4
5212105,17
5212204,17
5212253,17
5212303,17
5212501,4
5212600,17
5212709,4
5212808,4
5212907,17
5212956,4
5213004,17
5213053,4
5213087,4
5213103,32
5213400,17
5213509,4
5213707,17
5213756,17
5213772,20
5213806,17
5213855,4
5213905,17
5214002,4
5214051,20
5214101,20
5214408,17
5214507,17
5214606,4
5214705,4
5214804,17
5214838,20
5214861,4
5214879,4
5214903,4
5215009,17
5215207,17
5215231,4
5215256,20
5215306,4
5215405,17
5215504,4
5215603,4
5215652,17
5215702,17
5215801,17
5215900,17
5216007,17
5216304,17
5216403,17
5216452,17
5216809,4
5216908,4
5217104,17
5217203,17
5217302,4
5217401,17
5217609,4
5217708,17
5218003,20
5218052,17
5218102,32
5218300,4
5218391,17
5218508,17
5218607,4
5218706,4
5218789,17
5218805,17
5218904,4
5219001,17
5219100,17
5219209,17
5219258,17
5219308,17
5219357,4
5219407,32
5219456,4
5219506,17
5219605,20
5219704,4
5219712,17
5219738,17
5219753,4
5219803,4
5219902,4
5220009,4
5220058,17
5220108,17
5220157,4
5220207,20
5220264,17
5220280,4
5220405,17
5220454,17
5220504,32
5220603,17
5220686,4
5220702,4
5221007,17
5221080,4
5221197,17
5221304,4
5221403,17
5221452,20
5221502,17
5221551,17
5221577,4
5221601,4
5221700,4
5221809,4
5221858,4
5221908,17
5222005,17
5222054,17
5222203,4
5222302,4
5300108,4
