CD_RGI,serotypes_mds1,serotypes_mds2,serotypes_mds3,serotypes_mds4,serotypes_mds5,serotypes_mds6,serotypes_mds7,serotypes_mds8
110001,-3.466635660224161,2.278656242677288,-0.829781293751229,0.09424546112348724,3.470489911705945,0.8624593546494437,1.7089578301896051,0.5493772088689469
110002,0.5798079367329472,1.6517725902067504,0.7718584793363178,-0.8793380311828433,1.4408361434082215,-2.869347201526059,2.0752754910727207,-1.665640865259096
110003,-1.0951311950953635,1.7497462457964734,0.244528557339042,-0.6883539813468923,1.586110920616037,-2.0897537178551873,3.33880146481899,-0.6051607553399235
110004,-0.5793661376774846,3.052409663666828,1.2631390046661324,1.665316134561929,-1.0368826974744658,-0.3115663749304653,3.55358737523812,-0.5899134823739856
110005,0.3122921125673551,2.8252615281245994,-1.2742135011632667,-0.7602617818088563,0.10582415020660221,-1.1338740032153107,1.1657169553074422,-0.08628237618471908
110006,-2.5767164676929393,2.2316877920845184,0.5998061500625104,0.7853871266520016,-2.1107791081667844,0.22255879584152188,1.5421629694754575,0.1397453218245578
120001,-4.033851930194887,1.478249164709016,-1.7949895102279605,-0.6928286873457863,2.2618805203690986,1.8307812969074608,2.230368151025181,0.8221589930707166
120002,-1.7327963035681568,0.6877661338236181,-2.466859015114734,0.5344531184724457,0.6429944971615317,-0.14793618770655345,0.6960711368423044,1.2827803819882393
120003,-0.7660350100603607,0.8539198484858461,-3.233323882167377,1.6442302138796174,0.9238602415051923,-0.5657168571867577,0.8428663472752342,1.366382921963206
120004,-1.5255076281725248,2.8900184263654536,-1.873388625400915,1.7764296660127727,3.389400458544363,-0.8639812106092254,2.83904046722667,0.4057888261872324
120005,-1.3038307623740115,2.371158154214974,-1.2267245183638873,0.7402075518077059,1.698727839048849,-1.197635235179019,2.8245067920492204,0.6350746345728099
130001,0.33933931332228373,-0.7204577017609037,1.2635921789778215,-0.11460032751250411,0.797029557025471,-1.2164934338912161,2.7279073876418884,0.7702857453246538
130002,-0.18893343201673918,1.0724896981483656,-1.846054634045549,1.4588841686349583,0.88932066797877,-0.7736974965912191,0.9951719180680271,1.5009077236555999
130003,-1.5749636105978764,-0.03142488595623974,0.3373514601171533,-0.5358051285429538,1.011570306575532,-0.37956685211417635,4.607127695750261,0.42756259315950784
130004,-1.0260722972179057,1.2397035829562324,-0.6235953757233846,-0.34927725721202907,1.0985579098406828,-1.7494367874071608,3.2525280516769093,0.6941993927451798
130005,0.639536561821054,-1.2221581960519106,1.7248209260090015,-0.2875135173148369,0.26697117841280255,-1.3875997797649184,3.5166108866721184,-0.5604875243573703
130006,-2.166594551992668,2.780982619480917,-1.7152050668448888,2.346687619239354,3.1382943099349787,-0.6480078455802896,1.6575544212032285,0.7614478146534548
130007,-2.3253167345162398,2.302131973700527,-1.0549409567366062,0.9103087940208228,3.0431394239995035,-0.6688154707150817,4.441195665803949,0.45764771706967045
130008,-1.9321629960913258,0.9339151132319892,-1.099471248692411,0.963805664559426,1.8308803605376935,-0.987292540744503,4.605884205685669,0.6710515771573528
130009,-2.5920447704305967,1.7842194859291818,0.5338063292484527,0.3055075545566683,2.8044210533532796,-1.2292353921868044,4.664229422320723,0.6151253888964492
130010,-0.6135539925930765,-0.33334424794724354,0.53710064981485,0.09843882563511668,0.9526316915692791,-0.49690459000525794,3.013885375197788,0.15817027320237365
130011,-2.6095638074840584,0.9797517944561241,0.8994881480607851,-0.4639473983097691,1.7463396248899525,-0.6727877766686199,2.4922396353909533,0.6476677663226255
140001,-1.8823245195504943,3.691286313247502,2.0561534012635767,-2.864357620372441,1.179247129966308,0.506690193763631,0.1777092599038271,2.666002382686969
140002,-0.10651378392918016,0.9570153348017862,3.6578261171719872,-3.178077191667986,0.627738733396995,0.8017166678745433,-0.5210741893717031,3.7057367627624953
140003,-0.4446160578018242,3.9248307823353286,1.1485334880101057,0.37952457116754024,2.1126248822662252,-1.3718400260316579,-0.3724840646510287,1.3308735217521994
140004,-2.61068882798053,2.805295905314022,0.01689093127494126,-2.377454349508484,1.430036229804283,-0.8198514443116169,1.182100842752587,0.42831795836787795
150001,1.2005738567976998,-0.8490465273444225,0.07295862584154848,0.6019427499031571,0.10404103678474934,-2.2475203600331906,-0.7480016510407561,0.33004202973778607
150002,1.0212200715040238,-0.22997360972476152,-0.127647267759439,0.2866220006115264,0.4551480358294548,-1.8625585258694417,-1.5485827408216006,-0.2820992003771335
150003,0.7305724417177785,-0.8039749845351919,0.3701097836648232,-0.8212204627864671,0.06987350758531753,-1.3270790930914504,-0.7279411029027961,-0.8886638147873044
150004,1.4876478553592467,-0.8466449923552961,0.37553673820752326,0.595698037091218,0.480319979163941,-1.5463121386357719,-1.5816938676848336,-0.5091571976397283
150005,1.4123975942051719,-1.168180965145752,1.3051745336573273,0.5423849737199329,0.7201576473329735,-0.9861006414063271,-1.464737716324815,-0.2862151782741596
150006,0.7449184233124855,0.36553629559202594,-1.2117826950993487,0.7945498825951167,0.45413388196669824,-1.4686294556800794,-1.335013828295472,0.1345821339939104
150007,1.4156861104336502,-0.1623406304168148,-0.752754814599407,0.9599032020870747,0.6738214697014299,-1.414935319792889,-1.2211734748438667,-0.41016140545991164
150008,1.4491864537808146,-0.22536282478402672,-0.06631486173031857,0.5016158162499675,0.6405189004552081,-2.0139991061930433,-1.6886228991050847,-0.5232600917501848
150009,0.6402064366629032,-1.5850610497726687,0.24082350467580227,-0.1176865156618376,-0.21420692035368677,-0.43767209923976724,0.2535014628939118,0.4426125327541163
150010,1.2659810456376634,-2.1858484488816816,0.8528533064404463,-0.05170979862082981,-0.10444124075519007,-0.6923115280461856,-0.5257360442456062,-0.5895142479887399
150011,1.6997494700152258,-0.08287628469118202,0.04618966577723435,-1.6201209455900047,-0.1286437202998863,-0.8203356040812553,-1.2318181806154083,-1.1095668486351349
150012,0.6223935684554093,-1.67665536631304,0.06539347360355592,0.9405517482678438,0.25952018450981557,-0.31464031376305723,2.5182103387150003,0.2251746347753185
150013,-0.051117183357876975,-0.5626903500861381,-1.5557585014087474,1.1429210379288337,0.3674875482502947,-1.2015761054458072,2.627103625243992,1.0528625393290263
150014,0.8153700233822576,-0.8805083182512771,-0.8563437238790985,1.2522433909112878,0.4126930555091743,-0.9365141974612424,1.3499984563781826,0.1471987560977161
150015,0.7715204609512433,0.16719872742764877,2.3710276144862434,-2.9671602124888374,0.6250582778847857,-0.7330416830445297,2.1280738897961338,-1.4825217604380851
150016,1.0574144705521975,0.09107585476612563,0.8523295264833458,0.4739284020167916,0.626066393390966,-0.7001747269018793,-0.9712960737524187,-0.9843096818857288
150017,0.8789742260645563,-0.06382560677976913,1.1480344679424217,-0.36775550068420904,0.88328642857242,-1.3175482926855202,-0.15958689060423292,-0.3373472886297753
150018,1.735633865792875,-1.78868279054734,1.1087794771211137,-1.2821218159941126,-0.5765439806559352,-0.6306737365685166,-1.0393912259879778,-0.30844417443086675
150019,0.7206073686317048,0.033192538505440544,0.3609446034922175,-0.30862469439748624,0.8589183201798334,-0.3520434084137403,-0.6791249681033106,-0.591061762679369
150020,1.261359823333523,-0.7089767090854824,-0.568361148938883,0.7459611338118408,0.44980998737740674,-0.5988683694390897,-0.4751483993546429,-0.09700142560109899
150021,1.4388159471146034,-1.5687217152544495,0.8879189745281268,0.33496675608045007,0.1361520066790545,-1.2265793361180595,-0.12215268388006083,-0.4903771023566963
160001,0.7221437187673314,-1.805777649276702,0.6443875384628143,0.7006785087561034,0.679568347461082,1.2715202868353097,0.2074812778460401,0.5497717375517335
160002,-0.019092567761510852,-0.6912761708787285,1.7120124599751667,-1.0444291245984265,1.0204611562172687,0.8445769727771247,0.2876549351934736,-0.3608806435708944
160003,1.4014019025287412,-0.6351594241208343,1.5578467041721797,-0.15488599396228014,1.5990065183218742,1.7506130289942472,0.512565509706118,2.1784880001598514
160004,1.0087029331102528,-1.6590106865624767,-0.04057305142281189,1.2881612180348478,0.8564633336989697,1.1500176240298003,-0.35267525406864614,0.41714820311073203
170001,1.485473788764586,-0.3347920159017395,1.7239380477521407,-0.9657886902328491,-0.7405876449405753,-0.07616660347497191,1.5243427363664808,-0.821678739792722
170002,1.7707872353694687,-0.40707800510522757,-0.10860537419642655,-0.8594650404711796,-1.6651464713471638,0.5578771958549638,-0.09688917387278768,-0.059696140692455595
170003,1.3145158496644391,-1.5355346169108919,0.8114150325308165,0.375881091770707,-0.07682949241581473,-1.0730542657836908,0.38026127203961424,-0.3936371429286576
170004,1.6170681353196679,-0.538525898040066,-1.341674246019369,0.6503088922366367,0.1485508208464388,-0.011293300885577041,-0.6082842014828115,-0.6415101510620652
170005,1.1598741662828826,-1.3208858082945862,0.9002055460058003,-2.377228814332515,0.0071023256577786,1.8295410795998117,1.3538321270521274,-1.4885130814858885
170006,0.941474193651036,-1.4322420786247403,-0.06162797902349245,-0.566996633850914,-0.7545296754888754,-1.0817140413414168,0.5504907272876868,-0.4007603674703204
170007,-0.27796120966256516,-2.0658309332670832,1.839491742285345,-2.0106082912063687,-0.2863480432260954,0.4246755098849548,2.059009480883295,-1.7343569642008076
170008,0.6152202661266064,-1.2041066606380615,0.5705462136549181,-0.8529115000495346,0.159594617321057,-0.5044855708616395,0.7396168946232736,-0.8294643632298259
170009,0.8779120638261178,-0.8432853053457242,0.4128029852539559,-0.8863431430258748,-0.22746280188752058,0.050654309869656085,0.6716428278217318,-0.4477971303510644
170010,1.330101398664038,-1.257624198914715,1.1752280143773388,-0.6978693646034562,-2.0737247130685272,0.9639754181216076,0.9323040762675787,-1.328531088436995
170011,1.309969479231425,-2.0099840134693108,1.3761250609988664,0.014863954103776424,-1.160545593377797,-0.04175959623441374,0.5216458240367547,-0.6986842859822753
210001,1.460223402849624,-1.488505544833419,1.428924086174703,-0.6017490329512838,-0.09733416553487366,-1.1963844441837088,-0.6932582230907303,-0.43968279411625133
210002,-0.7741739223617471,1.2758793775985544,-0.18935061859348432,-1.1444918347253292,1.4863257543780264,-1.26450756795212,2.3699305230108103,0.8788278768903041
210003,-0.1719224007474671,0.7861197846599224,-1.674072164291138,0.31998021011364414,0.19245709161693517,-0.782879638005881,0.17476107302860092,0.9397992061219915
210004,0.010554606301063427,-0.5801108005663382,-1.8142469390774032,0.9883244428756798,-0.04263496998731824,-0.48524214973039165,1.5482457999313353,1.5375277123563786
210005,0.20504823225845523,-0.6271605291734387,-0.6459665439554836,-0.16048823632725417,-0.10881827599789608,-1.1856631617905955,0.8083044340072024,0.3812138585046699
210006,1.046773298250302,-0.018065904109280818,-0.7690902153233573,1.106672826718609,0.45177897513033977,-0.2200096922028094,-0.0908639039002129,0.45453766715365784
210007,0.37834588453811463,-0.08695041624209374,-2.178156497946542,1.3033070590467184,0.34239828506906905,-0.4249773221121009,0.933138434356133,1.092009763467081
210008,0.2794565658539385,0.9642659063766752,-3.5673047721212123,1.861007208866978,0.6348335913698581,-0.8375734650399171,0.47797096866042615,1.4335557361543343
210009,0.21970435136420666,-1.2566319990628794,0.5825349100152338,-0.7704321821117736,-0.18581043132332548,-1.2398781163899109,2.37561276982373,0.14594376241851065
210010,0.13196039674438523,-0.1705400652982213,-3.009065110176557,1.7734743452232284,0.46077002486168694,-0.7593555115521714,1.6739518799244444,1.6143899146891119
210011,1.6379362450501564,-1.268822655975767,0.9324654844561087,0.4265518613213513,0.5297386065774826,-1.3432139645755152,-0.5457851232259021,-0.6884435239891881
210012,0.3524610181540247,0.6206086823986235,-3.5998760449202254,2.3652853364207282,0.5860552328080577,-0.7658995726792367,0.8567421304536007,1.6087402046706905
210013,0.8508368995076394,-2.204794407568197,1.65716424366305,-1.4695749695814033,-0.8204527100349197,0.20635666359162277,0.9780205256545887,-0.725909805422937
210014,0.5052910006328266,0.4853836074606336,0.431118647498489,0.14493707188000254,0.38292257978777566,0.5950482617956826,-0.036729903275546,-0.0353254020750637
210015,0.2940702364408511,-1.1758983442251516,0.36834007981539046,-0.90853073208376,-0.23683887639326423,-0.7949430553075603,1.2524833228483714,0.08358767262855048
210016,0.3378990771404618,-1.8164133957482536,0.12892236243867083,-0.5888537925616674,-0.2727030061208297,0.4850211646700684,1.5066125933178114,-0.05617101949566053
210017,1.1723952025868452,-0.6757188723741518,0.1537170789598835,1.4338674987067939,0.3319100558054656,0.2895173374184313,1.0369187396250923,0.26905370315003024
210018,0.5725987085207761,-0.1685804625491149,-0.24549855435720613,0.21933589820114233,0.591623355043058,0.7368579555889719,-0.06619710233940578,-0.08941943065604956
210019,1.4332588409646714,-2.000578193167425,0.009079707361679092,0.30540366324034895,-0.18305764862034188,0.035183590466318033,0.544607984110579,-0.48304520941203605
210020,0.10884523888796925,-1.7478596844573415,-1.6317504968232746,0.5042895814240679,-0.36750941592101777,0.13401364680444458,3.716848921846099,1.0852669956519776
210021,1.4368628730934905,-2.0181115730014594,1.4559984645999635,-0.5064272199746851,-0.00968327549619123,-0.7171757809657388,0.6370224317460842,-0.7491052014639119
210022,1.270565798807884,-1.5384761238434337,-1.4871693842792102,0.42833716648039516,-0.1616647555128831,0.20782030005898283,0.6231982711930543,-0.6526784002848954
220001,1.1808679166793672,-1.2543061555234478,1.8001540792026898,-2.749296552927206,-0.8706641836238033,0.18790810902105212,1.6255708177547366,-1.2365602578169927
220002,0.9509470820132047,-0.31418612487941094,-1.0622730369504851,1.507976835510744,-0.14057623040780132,-1.1247201293023585,-0.06653085118130406,-0.07575062343732725
220003,0.8684213165930722,0.04665398418781737,-0.5266687549669817,-0.23841638849947466,0.3986597523475182,-1.5147881114381057,-1.079695154690709,-0.38039613022453234
220004,0.23331169517091183,-0.08234456002356097,-0.726787019400099,0.4066789434789745,0.5042664546107541,-0.7220650434506156,0.24727336078260262,0.3003351134936443
220005,0.5518976743536154,0.5824872869775061,-1.892122291634493,0.6325158927885153,0.10073917716494579,-0.8632453817791275,-0.09705950504800351,0.29505503430227753
220006,-0.03370842563024315,-0.8298106716677717,-0.5195781620722911,0.3175957634405009,0.12609151230476454,0.0068285611008420625,2.530746730604159,0.6984951819021267
220007,-0.6762641046438542,-0.14315936988651135,-0.6280066381913403,0.07128131249228532,1.0076839030054143,0.5011945574705418,1.8432608022594643,0.4467552352649132
220008,0.2054625772320698,-0.6064391465277742,-2.2448773487680773,0.6229901604287444,-0.09670065194456033,-0.8126240749362543,1.192758632518304,1.206957294306275
220009,0.2683978680200293,1.2107803944136286,-2.9728354698787407,1.0882796792380929,0.6821110786814636,-0.3880353576296115,0.34045700208083657,0.9076971172299191
220010,-0.13882824526487253,0.9325212205885713,-2.692784561458065,1.5925103582604592,0.7659396501666861,-0.6223179792032203,0.7695032367343123,1.1491386281729912
220011,0.37539793452000697,0.6213879394045378,-3.5301211766277296,2.291735648757028,0.6432411033118985,-0.9893956148823365,0.7162282766129364,1.3856125626279905
220012,0.127276948617707,0.3379567472730719,-1.2941180570577286,0.6329059696920337,0.6258105770559621,-1.4077190002953368,0.045027380543216276,0.2926458834218796
220013,0.8168778363065856,1.5178735546777429,-1.6625682376764792,1.7863094728483504,-0.7278747267533411,0.223363101926299,0.3152758488109154,0.8781291365656985
220014,-0.1316679806241515,0.2036673919583719,-2.2351980212082694,1.2152497471800523,0.8208060376064165,-0.05142900951191413,1.6344498580291342,0.6405585185685815
220015,0.9298841774533562,0.1854897248155613,-2.7745807862086203,1.7886029906019996,0.7103794745411489,-0.3014976149813562,0.45727322910625073,0.7501319247312822
220016,0.5352345527382304,-0.8533728852789058,0.5480674409366344,-0.15829204769324487,0.17355540577794357,0.44218794168571873,2.138336923069995,-0.28574762565527245
220017,0.2704885685146982,0.14973681919110868,0.11758407643027151,1.3238971591493789,-1.3694239406414506,0.16854127999767937,1.0896635113555857,0.002337115543542591
220018,-0.03892049605198215,0.40951216481432134,-0.694168134194573,-0.14227899279469483,-0.027597255626571126,-0.9498125845302122,2.2738010963077695,0.13591855135309233
220019,0.48394632529310544,-1.3855661278424491,0.8478232847104074,-0.04111829341356147,-0.23156670797072887,1.0869541103584475,2.2934023458109913,-0.49383756651990623
230001,-3.0077258528828055,0.5386685935129295,-0.5473052285495463,-2.9450025019664485,1.179702864538868,1.5209161530340998,-1.5907047029782873,0.3214833781680723
230002,-2.411615234789714,0.7585188097705046,1.7905106101437205,-2.2675426763611237,0.8215671180211421,1.1525114398494642,0.04302440741712218,0.714605400334433
230003,-1.1314466706248012,0.38584518061489614,-3.219256264051619,0.6950279539439089,0.6096860841509351,-0.629125293268235,0.1611287052159913,1.7062008034322924
230004,-2.198309579342044,0.500669652116154,0.3396889084748489,-2.2110651297651605,1.2936079344282603,0.6836983095543288,-1.7838921107819674,-0.4804238926424538
230005,-3.1967585182056752,0.9445450256309345,0.786046096583551,-0.8342568861459553,1.0861310626365694,1.380921377913094,0.01748197645283564,0.8014226023322215
230006,-0.9614535429330902,-0.07593099240597706,-2.153521968436539,-0.021862429175654535,-0.1611650820324943,-0.6378880874399031,1.023437759061477,1.7965606904710858
230007,-3.383143111539074,-0.17156624288771669,-0.03758437173906063,-0.8096774200341903,0.9866686457775281,-0.5642343278122195,-2.3164837337019697,0.08841228472232522
230008,-2.599967832372806,1.3697197503927103,-2.953619562629665,-0.256064522925964,2.112557479957774,1.6740219447296985,0.5028692391410157,1.1445095431622365
230009,-1.565024001680818,1.3260617915736985,-2.658108946573282,0.38999351731484766,1.2845478730184057,-0.3529082346017727,0.9677925360563476,1.1211343190594036
230010,-1.4341782683644444,1.2388062265703426,-2.8662619271684466,1.0138942270045057,1.319516396945507,-0.32369768326039217,0.496776279854057,1.48165172631364
230011,-2.551634580742622,1.1770102377394012,-0.15812270406037482,0.4105720796623387,2.2391355989106096,-1.2451004746340135,0.3654908598798465,0.5493071230364134
230012,-1.410765690694076,1.8227791268618234,1.4891577633738675,-0.5747399728370819,2.9577586478274744,-0.5460860701752075,1.541313517617692,-0.9606956145188498
230013,-0.8166657000096681,-1.6808809154114583,1.471999744832013,-1.6094003401373762,0.3094434067000608,0.84545769428232,0.029433161065796506,-0.5889604859712949
230014,-1.5168601865791251,-1.203032851710159,1.6878771179675824,-1.5631682406597849,0.3944645841254903,0.046267497780126635,1.1627577294957427,-0.25672032746775386
230015,-3.8664578190770325,-0.9137916775453225,2.8374914896063785,-3.0385290756390853,1.3556972831630851,1.6550584247223288,0.11388453902840708,-0.9951630224879047
230016,-0.8059730949066938,-1.3840440969331134,1.139371048249377,-1.2895641931322206,0.45107966699015717,0.014196279849460071,0.45474258477745194,-0.5626374943816386
230017,-2.294475340780106,-1.9848846092448773,0.24448125129938716,-1.2587159053971488,0.43502252385055623,1.7349706339086293,-1.9638094579486092,-0.23310067314084298
230018,-2.4850361464679223,-1.1476647605798502,2.368184186694465,-1.757120621844458,-0.3621878268828948,1.7628229275834488,0.48210196231463914,-0.7003716278951709
240001,-2.5679551829953295,2.5548812923412414,-0.37872709532711496,0.8679688459753061,2.8746795834850682,-0.43797414811499186,2.792039200096478,0.7086482910583083
240002,-2.4231597378462943,1.6804916385416306,-1.5682719512591736,1.7462209002149998,2.1536489107370915,0.37741852242032115,0.027517808438732125,1.1729005565076283
240003,-0.13505987735417965,2.007162041671511,-1.494816355742827,0.7975459152133121,1.966047803074167,-0.6790800841337766,3.893374130001444,0.2738015228808357
240004,-2.9380318991270737,2.529943984363721,0.5436118804100074,0.251866049788084,1.8323876577847606,0.861429482403471,1.232526635965728,0.94979417816106
240005,-2.418857367323531,1.4426181140582208,0.04621693137910195,0.41721144695992585,2.2702986814703823,-0.09527338393108752,4.011432255408831,0.5517152477825642
240006,-3.0160107893005867,2.83264616314502,-0.2551113197376597,0.7113545316226766,2.575414266187467,0.09282203861517632,1.3759287184503866,0.26311253142806246
240007,-1.4207185549988608,-0.6286938792957241,0.01979261476347971,0.1278834518311151,0.5473648433879136,0.6912181116233903,1.9765025158065286,0.4775184121663127
240008,-1.9775011363472836,-0.15132268588978734,0.18225078119662477,0.18400844558094215,1.1512520248089588,-0.30664857113422556,3.191474718081585,0.38603429274283146
240009,-0.5487059399335198,-1.659793540393786,0.3510044539374243,-2.7022454616096288,-0.5686004030657017,1.3102701162605535,-1.058273324333297,-0.571024201866196
240010,-1.8257317770159904,0.4479202636919965,-2.1651046740161157,-0.198581193459224,0.9749846246802043,-0.2043553475672557,-1.2229171356332973,0.24132845364875574
240011,-3.2044230508644054,4.2902174646186735,1.323465559007024,1.362678908861049,0.9857959029595419,0.37211276097111257,1.872827773071707,0.014892009858100541
250001,-2.1399514257120646,2.8968890825086047,2.1403526818361596,-0.5446827429890067,1.1411177558128838,1.9171020654753756,1.5940412896410245,-1.010496523125291
250002,-2.045258421159628,2.188785981757317,-0.7318816056395859,0.839514510188305,1.6610152680985297,-0.5117119309247211,2.55454772797552,0.6916738388286906
250003,-0.3667509395402626,1.286335093770879,-3.1576286069251975,2.169171460357275,1.5402218101276617,-0.678780301515351,1.3768018439838372,1.233888246158461
250004,-2.008979465664994,1.6190055680849023,-1.0104982610309252,0.4222733895719669,0.5694206297873095,1.552330043811642,0.44983981124221234,0.5747744753551897
250005,-3.361314685476153,1.0826403522133585,2.2283475672001662,-0.8643397481719406,0.9196303022282786,2.556595938870118,1.823548087674489,-0.9879626656364067
250006,-4.303256503761634,2.1501502353726574,1.26381173652784,-1.4353973191282043,0.9416547546212729,0.30449126504236046,2.8979393655980563,-0.3901901874713515
250007,-1.2999564423913363,-0.18727868646422727,1.6677635841884344,-0.8996801723912764,1.8806291684507828,0.5199656140838101,2.9122171116516777,-1.294257736986099
250008,0.17124556743196678,0.5939415588356449,-3.701119896695357,2.287553708661863,0.8335950565823101,-0.8344870861992649,1.2482697471272282,1.4606369500364729
250009,-0.8700505866719429,1.3212355554844766,-1.0179362589385392,0.9486306025415363,0.27977623765981957,-0.8368762740896543,3.0837362658778753,0.29929065068190297
250010,-2.5136628494823854,2.901624520498969,2.125045945847405,1.5497526903093926,-0.6189480289577972,0.6276755266344713,1.9393346823236004,0.451574681360129
250011,-1.5142202620592806,-0.04611271311702023,-1.737940370895244,1.0767145400706541,1.4751408454847916,0.8291871037738524,1.0498326420891735,0.8923553000682405
250012,-0.24409399297990023,0.8737858075237617,-0.14118527369292388,1.0075215815904368,-0.6446525759835705,0.6667942922825615,0.9644053229831124,1.5215323790701474
250013,-0.23773135915793242,2.153510846734902,-0.3204356041518088,1.5170496574519634,-1.302885975157935,0.5297108470953268,-0.2608034299242495,0.3300339734770232
250014,-3.2927561256657634,-1.0565009997706867,1.917434572013789,-0.15280560420844255,2.2029529364159046,1.7657242537451476,1.6238928097749479,-0.23001307175247054
250015,-3.391119428725674,-0.33147649976796056,3.0974360907244196,-1.0330773300110587,1.9162765027430222,0.9557514467099703,2.0440796082229644,-0.631046973798375
260001,-1.8429265913446695,2.8556670274235194,2.701867843708707,-1.2209298740641807,-0.08816780232895233,2.9362312304780422,0.47936812486400737,2.359637837847804
260002,-3.4973562318731757,2.8791985917515626,3.4488600908991995,-0.3708913256266436,0.5781722617810247,3.1236863792421046,1.0281364171920024,-0.25349473824351276
260003,-0.7788460648431678,1.6530820590686626,-1.6649277836329293,0.5609918413781811,0.7301587334581954,1.132389981326657,-0.19782642395048256,0.4237995983639356
260004,-4.017799148054435,3.6044874566018414,0.24400556342519863,0.5127711825179252,0.6161913629897654,1.6558415965066933,0.5443526410444499,0.08626945809852024
260005,-3.6790318315597554,3.245322540717015,-0.7986346058381731,-1.2144668321860457,0.8263756930530283,1.3741992080657197,1.271211179736928,0.216358292183197
260006,-3.62534634400227,1.7030534791076564,2.8334004407344806,-2.1088235185659308,1.4790471440441717,2.2230752528395445,0.7556272371399921,-0.7964235007882082
260007,-1.8604720281099691,2.498110674586999,1.3615617432114469,-1.6639060851134269,-0.19746057358512967,2.2962427877952614,0.49920628188499483,0.33401724875657546
260008,-2.735501507705858,1.5367074858209833,1.2538401791568456,-0.7366298113934151,0.7595146982585989,1.3539741422390597,1.728152135046558,0.004971259958478879
260009,-4.547543999928815,2.4780862992526136,1.575116919632976,-0.3233207318822862,0.8452436865579812,1.8673479532163826,2.9529256131002564,-0.18714999846734812
260010,-3.2276469625365483,0.5159315748688338,1.3026861972283503,-0.4628516570599227,0.5002914540510853,1.7568003717141765,3.0549261304243553,0.19047470342366254
260011,-4.268272688639137,2.6190953144575895,-0.21716840731619763,1.1700611232627944,0.1464475365114761,0.5691247444072859,0.8170996732910444,0.356628635321677
260012,-0.7605185414727532,1.6577222125957691,-1.1150066619262489,1.7564409297985497,-1.1194236547611287,-1.0294736069701886,0.5151260400776541,1.0254049836098356
260013,-2.3866556434299184,1.9635983814424003,3.1925046125405303,0.6743569928491283,0.05519536582137657,2.4755029136061335,0.8146300509818012,-0.634105509580782
260014,-1.714358046076044,-0.361366744115456,2.9057346155140853,-1.6147948608043234,0.6864890296876677,0.4041087471778399,2.405418268618921,-1.3321855012863477
260015,-2.58245381541357,2.893274395473745,-0.21918535385865348,-0.44742336719157644,-1.268639233091034,-0.01534533696851499,2.074477558789884,-0.4034635193761241
260016,-3.3575565742166105,0.36475127824559644,1.3480575851546652,1.3753573103788073,-0.7913209235404377,-0.29600227715634253,0.12569388006332294,0.8504399068219558
260017,-2.6498856794296355,3.317314899000524,-0.05446878352756108,0.6538797553980845,0.8021869321538146,-0.7135454622474668,1.2484629052119194,0.2395987874896961
260018,-3.8799659620711062,2.5583624376737215,1.8706897742380022,-0.9805898956514728,0.6950035273500917,2.64712020452874,0.7155659248084942,-0.6523146563119682
270001,0.5772378653032664,-0.43076480474759715,-0.5381651204917142,0.6870012735755673,0.07644737273819191,-0.6283492140368127,1.1410585384706031,1.358607922640883
270002,1.2635075469953214,1.9337155476664645,-0.46980570909966757,0.41037716534228696,-0.048072644403281746,1.9313175218374359,0.15678044176408445,-1.0483048688454781
270003,-0.3774462241001583,0.7826652143701414,-0.8257553608879884,-0.5395562139349059,0.4843154842596856,-1.9201729295484977,0.18972434019136902,1.2665191938156113
270004,0.2020496022861545,1.081399317452909,-2.7425981004214512,1.0222489064382227,0.5430313213780379,-2.1325612879667055,-0.09830509034521524,1.7490624641257262
270005,1.5684978959105529,-0.9993334820609356,-0.7195825434933484,1.5923854108713782,1.1399203212736866,0.8718056470855408,-0.46441277841297307,-0.7934293950223164
270006,1.0304878206136887,1.1972992354012688,0.32560013843589036,0.631995880967974,-0.7926951634769619,-0.7907477918077442,-0.855376076343786,1.2776572964272097
270007,0.4937988856287077,-1.1787384873001996,-0.2627703126487352,0.822271019528617,-0.16509126636236876,-1.7827787019466939,0.10453109619584201,1.4928214551005923
270008,-0.5397478457492687,1.2605688343466384,-0.16463143588738943,0.5424738126832922,-1.0653684420678464,-1.3276002972639682,0.8116652977240796,-0.32738953606920845
270009,0.35693859008091944,-0.7214843841335672,-0.41958690648424135,1.7000790884132688,0.30338313406236506,0.33779388021288925,-0.08688836605551951,0.4880575188984001
270010,-0.05703039429384892,0.4618315447495407,-1.350540478522253,1.9609914459346012,0.19897574241734428,-0.5573755680611719,-0.0779103734387449,0.2441021415782623
270011,-0.21488280132440213,0.38121509017774985,-1.5923442628615339,2.141466128866804,-1.2695256340212968,-0.5373578348126457,0.33165485123055166,1.627826087095095
280001,-1.9541532650559081,1.662360361247981,0.13417502127298855,0.5244757476112675,2.6903472224918135,0.6078796446933569,1.7716193803637548,0.23364821046670825
280002,-2.9417199867983475,-0.4946249070739982,2.1616728852744997,-2.0182902468627817,1.5546807983747808,1.2134265863659102,1.738629680407908,-1.2091526398553936
280003,-1.3850230300789943,0.5612014515149529,0.12779887249483293,0.5882143468824763,1.8929450707803168,-0.14372244315359797,1.13243837722935,2.317809139442336
280004,-1.6377122970625941,2.676302795936334,-0.5676897646082507,0.08420112023874703,2.713429868517344,-1.0512178616704264,2.5199475730735608,0.408662938621996
280005,-2.2355197513508576,-1.0716426838812996,3.0820110755143917,-1.1111583410841936,1.853369878188578,0.1687415475035455,1.7790656199779886,-0.9081419008848438
280006,-1.3910349383518839,2.015818734360519,1.5080373804902525,1.3690826200157302,1.362005157619362,0.22403917093564063,3.514374974315388,1.4983972723401493
290001,-0.7508070558592277,-1.4512627109618976,1.7895915306029597,0.0010770889831969509,0.4383011311466984,-1.4266620059047834,-1.5681507258967076,0.13880829011550397
290002,-0.7210866455760359,0.3208569602041311,0.4367433130145985,1.8214745309982912,2.259573849593663,-0.015162496347121544,0.12843714464893055,0.5370291418405534
290003,-0.07339827633328565,0.6638057740769631,-1.6768891419063718,-0.3293824936806215,0.37457971338513746,-1.2905823427621455,-0.850425600923997,0.31705167608699414
290004,-0.875650111376904,-0.7419166484586808,0.5502177121598165,-0.2396187297997904,-0.09383292618159854,-1.2266742141017777,-0.7526806372826343,0.5281437714935895
290005,0.5835585506528128,-1.9403172076180961,1.0991178684252452,0.582026444033892,0.31329755201295356,-0.8196668370220114,1.1649588124965895,-0.7115991080798033
290006,0.25941517741663705,-0.2928796665341591,0.414155561167383,0.2944786426977246,0.44387217492499376,-1.8992000453677393,-1.3298758204675483,-0.6893237291038778
290007,1.3532299522186262,-1.4327505663429125,1.6363764851069835,0.02160849778371469,0.10216532792505822,-1.958610503371021,-0.25729337604901953,-0.5810456793312787
290008,0.6410027819522051,-0.5557207816265162,0.5849237256325844,-0.880967095221421,0.38419457002867635,-0.628698012156865,-1.4546782824818305,-0.44790490051994974
290009,0.6771205703412368,1.44687977259012,-1.4387617606238583e-05,1.9743606109146132,-1.1879564139103795,0.8913382403600294,-0.8890353327920159,0.8085853216938093
290010,1.752181925750878,-0.5321619240403267,-0.6079475282354694,1.5967921972536598,0.7076961890686299,0.1559637527322423,-0.7263386731917669,-0.35973814330396087
290011,-1.7331145175771419,-0.6352480003362556,0.04301273061127388,-0.7118192076763288,0.42804402017904164,1.237365129609749,0.028607811128431294,-0.2274895191722364
290012,0.4596018866943754,-1.9626140887295802,0.5360483386896833,0.18610760724542072,-0.44429640323092723,-0.9558420173259353,0.1475604827255736,0.759142858469201
290013,0.5731710558079202,0.6219132749494878,-0.24073221322310198,1.6479754558968231,-0.27591120889953386,-0.6579725246339256,1.306959553427059,0.9002174697129856
290014,0.7775282965902786,-1.160892122068032,0.9819017206827608,0.16099394546268694,0.05634157784502271,-1.8520668951353731,-0.07596281688987748,-0.4787552404777981
290015,0.8236531068373135,0.05499212106375024,-1.3356674507558957,1.6664456919017065,0.18279769470259663,-1.2664781140687325,-0.294530902511863,0.5621092885071439
290016,1.2475868687268017,0.9291108380596824,-0.035000747631337,1.8105814200511663,0.5395517595183983,-0.9002783442747964,0.05809507352522234,-0.5112796068003882
290017,0.2305385996279206,2.5485699455997763,-0.2320124375419628,2.1282221220617794,-1.8149041262251417,-0.07695437516260419,0.2862725361875949,1.4875225357510131
290018,0.6145752371469534,0.6782079265505582,-1.8547157611507166,1.0257573975039354,-1.2179919868191014,-0.497354344576744,0.16547201042797774,0.5162168780744645
290019,-0.033047888443037965,0.4537771600681238,-1.997028531310514,1.6894946082539792,0.023916332385835196,-1.0821297804602361,2.602525088997079,0.9882995458065144
290020,0.3521015523190993,-0.3324966734529212,-1.261391694350431,1.593537134716394,0.5194886463740623,-0.284217697498755,0.16386918032929712,0.7619007082510946
290021,0.36835181521956006,0.0011809327169041608,-0.12438304708016976,0.5081579034529446,-0.8055255078745738,0.26707921809081087,0.781526458197227,0.27216494330723107
290022,0.5705241516756775,-0.11488666636156665,0.7596202851799392,-0.42951344740627867,-1.5665382698346946,0.3710791744458387,0.7878034071034483,-1.8608119484802865
290023,0.39321917867388856,-0.3447280698375302,-0.34465363710892355,0.37525360882675735,0.48952006389803854,-1.3526029267781234,-0.8683272230868947,-0.033531692699165214
290024,-1.0204703958053822,2.9749986731627303,-0.04474981351970562,1.6813623952570167,-0.2694853612026256,-0.281079296378178,0.7055116163740223,-0.030670675385020763
290025,-1.3119367256349281,1.5040876037500674,-0.005911783193580385,0.8418186774124103,1.3975837101914454,-0.46067556893579764,0.6539338041703354,0.5381495668158497
290026,-1.2021663870724857,-0.676764751867576,3.0511070823558026,-0.6080385730766255,0.9436784210513728,-0.24319268752334008,2.2934662966883135,-0.6610606893868207
290027,-2.145736770653439,0.004079704884296199,3.5292526185511095,-0.9916214211174202,1.5298427162006645,0.3168373889415928,2.871441128433739,-0.6875396719693062
290028,-0.6927296691694981,0.7917378667627764,-0.7676845333375698,1.4556560039786757,0.9229436427980664,-0.6781967553976999,1.9855640401342605,0.7984084052832251
290029,-2.078166163117588,0.04628412333783331,3.151937356943109,0.44099016641549366,0.45336825735525477,-0.9110989398093028,1.9107198053898573,-1.5432178396780567
290030,0.10965668748105122,1.0155680127830082,-1.818197558512672,1.7895877866170171,-0.31054532819203823,-0.7154709017804984,0.2211831196304379,0.8220433435050151
290031,0.07318561918720602,-0.624192214591824,1.445844989520498,1.4532473695356085,-1.565370549240725,-0.6364986792402112,0.4354291500220404,-0.257894467402424
290032,-0.1026708077829303,-1.2486990921545855,0.7719355174288315,0.9414862941253198,0.4703100982246831,-0.2609797562065566,1.8808136789979584,0.0295525340967722
290033,-0.39375890396270524,-0.8391990104921802,0.04571582260618057,1.2726961885522927,0.054997198848808285,-1.0045401525030515,2.016116970308233,0.6207623507886277
290034,0.510114052277137,0.8763650951933685,-2.523183360103843,2.1715996422742037,-0.08079977692963776,-1.5359402870997,0.04236667543376647,1.045353636332929
310001,1.2606863921438864,0.42971895211439953,-0.22328327480913795,-1.594882816124462,-0.5825076699589614,-0.4726717216167049,-1.939335367189597,-0.14473002802705867
310002,0.39819404537507663,-0.10429004710447265,0.27631369360226504,-0.7593960001468593,0.31699074758803847,0.26251575069252575,-2.282440700512906,-0.8328767730368711
310003,0.7799079392310037,-0.029318217649543354,0.17334653462795716,0.5766550753458409,0.7824232616848088,-2.0668331266405278,-2.0124013753986363,-0.6010544806149403
310004,0.45312873474653237,0.02384212570079922,0.124051498116997,-0.18776575970476791,0.628579005059818,-1.1300926020940658,-2.0686277573096086,-0.3462481179773247
310005,-0.2219659557843425,0.6949363817387707,-0.9864848445472838,-0.1716632067386897,0.6122744259022528,-1.8043072099559327,-1.7622776547160495,0.0568723943882415
310006,1.2918815480655264,-0.8322652036462027,0.4390947612924296,0.1517902034599477,0.07149376749663348,-0.791687714875334,-1.7701425000229487,-0.5647257402613514
310007,1.3494615645368306,-1.1579307544646247,1.1735370085082426,1.1011145257457995,-0.8276968470765821,-0.5507367826313568,-0.7940610093903824,-0.6077297130887122
310008,0.8957018148395031,0.3860037986259175,-0.35098976595214654,0.4119443458211519,0.4877837072616234,-2.058739530254375,-0.4608390143121849,-0.6157144466795222
310009,1.6349217178799471,-0.42925986733976884,0.36876290618353097,1.2243663760032857,-0.2799208287816977,-0.8074256950980365,-1.0641009910770343,-0.44915039550850183
310010,0.6536480443132529,-0.6760051389821432,-0.21502432362845716,0.012347314809829113,-0.23311681300088585,-0.1095822587776399,-0.730050308823714,0.25305060792819317
310011,1.4858553677327686,-0.660278797443987,0.22892550477655665,0.7345435136885413,-0.10075256349822972,-1.1167589492552399,-0.8358258636767448,-0.2514223335875808
310012,0.12986140580367522,-0.9465093636104965,0.9576432145507282,-0.7335770286676101,-0.9851493579403952,-1.481799194539825,1.8864108950956393,-0.28088571469074236
310013,0.7749583471145343,0.40391767015967334,-1.4108099394891913,-0.2794157284393567,0.02939181266693189,-1.7052557417891647,-1.4020694443523407,0.19391724898158538
310014,1.5113126973391513,-0.3442035729388547,0.12800022955335133,0.9753909073432977,0.6007157405950235,-1.66376984623401,-1.8118677572686968,-0.6744841075226727
310015,0.891827578809862,0.3545593807622022,-1.1619344995443437,0.07578353251959499,0.0719475021445815,-2.4718051983315315,-1.4410368276270829,0.13030516034161752
310016,1.4878629845703677,-0.21161472306190818,-0.749273612752571,1.2835749121859448,0.7061476926677314,-1.738731406043024,-1.284938458461883,0.03816269004166832
310017,0.5877399709299094,0.7440294799989121,-2.3163746215014824,0.32887910838262185,-0.17472090354243577,-1.736655599997637,-0.7072735443191671,0.7890591320869711
310018,1.1622471098046576,0.4789228399043408,-0.7492754994082026,-0.17587268646674764,-1.0564292605368328,-0.7452887993736399,-1.2845996662416508,-0.23693743275305398
310019,0.5566441546918042,0.634432518551443,-1.4927727006911666,-0.4271894913295692,0.0390248588167751,-2.2273188620334783,-1.4764825592857744,0.3341800615878428
310020,0.8564624502456554,-0.23773441006910462,-0.16547612801069447,-0.3866735435708307,-0.03506705593124364,-0.9007062387249982,-1.5065320916691622,-0.3897658451078066
310021,1.0979835653810168,0.11683609731050976,-2.2432188066241125,2.112864263898338,0.6576439654432629,-0.8890056564000468,-0.13623074848128636,0.6088842565379246
310022,0.2534439213633278,0.7589630680122819,-3.2927232070311545,2.0494390844619685,0.49979333381552016,-1.0176466535545952,0.31590146101430433,1.5078438030887358
310023,-0.14358623646665095,0.6501017608354276,-0.7315459097312518,-1.1010931819999819,0.2826826283683534,-1.1175392124462342,-1.7145689264481558,0.27052066421458687
310024,0.7471781171923246,-0.6465903040220745,1.147312538668267,0.44969390593573944,0.6828658714334785,-1.975501137955677,-1.3951168844044997,0.043650674400068507
310025,0.7500497462147986,-0.9703969680931722,0.007491188550167594,0.5662651879632642,0.026369653198966586,-1.8255761552745748,-0.5812455532108185,1.2932120539061436
310026,0.2262665029541076,-0.4256167883852993,0.9967569328270731,1.1680511972024077,0.8139687807238798,-0.5603807153016929,-1.6548188301261197,-0.1705490701706523
310027,0.25457763804835387,-1.0455817994264318,-0.07361435296556025,1.4457833594504754,0.9021542753244028,1.2426331084942834,-0.18730072415379798,0.2868614552894988
310028,-0.16878107590334837,0.23420708941679666,-1.4925350162246331,0.5903895873918839,-0.3170137388565399,-2.0828706634893384,0.2904504631107052,1.7860187316996494
310029,0.5786327069134501,-0.4760671056386569,0.38482813749052486,-1.8692109713469403,0.026247863349648494,0.5932534459329127,-1.9694907068361098,-0.9550427841953041
310030,0.7215855094258763,-1.7704219008831592,1.4415477691545502,1.340239160992461,0.5768559332126344,-0.5998894268531937,-0.8339494223807047,0.31101403385189075
310031,0.3925780316659173,0.5409496289690872,-1.0843270484097633,-0.9547247233100715,0.63644156613307,0.6853036543992803,-0.612780715762825,-0.40175439395081747
310032,-1.9080596649123729,0.34128980907692685,0.812966909036391,-2.6470343185278478,1.2149396278087168,2.1443412887762783,-3.1408915926306706,-1.4681364968158663
310033,-0.6781096175783845,0.16338967229377932,0.36800348974230934,-0.5524579050313493,0.9334813444899607,-0.9129352735837625,-1.6359933926911996,-0.26784374695283597
310034,0.45041948258380193,0.37758575789428017,-0.8485896420392154,0.6831068862209461,0.8106963183468169,-0.9830460433825483,-1.0885517305449695,0.1566939994620287
310035,0.5390844573990579,-1.486477838297191,1.0957635554698932,-0.6991830322125856,0.26845472269928083,0.10901494392336407,0.07407492636249643,-0.914734316731756
310036,-2.182458706661281,1.3792842030803016,1.7445878962347874,-1.8961278665738255,2.5423920577562407,1.162140435743725,-2.4613363337171292,-1.4096297417572068
310037,-0.007183188311337951,1.474272997305472,-0.7154648483243984,1.699456697640452,0.24020951980353855,0.08576079348590211,-0.4259977769633508,0.016335044283664817
310038,-0.9300169859768832,0.6014210300872116,-0.43551413233210085,0.17414122554077904,0.8287028229889907,-2.0807248185540157,-2.037548076093582,0.02355879537659956
310039,0.5675915108362037,0.8424712255144478,-0.701148252863619,1.4830489304909038,0.1309077190669372,-0.6610951649151041,-0.9682987389214284,0.4572380281549045
310040,0.8584054122751095,-0.09045867273211915,0.10904892224183446,0.5472686478198864,-0.5881147859844135,0.25102352125123983,-1.408418746412476,-0.0059267341901957414
310041,0.8992217448168907,0.13080873787491273,-0.762408199526279,0.7954757920096321,0.12175284393674608,0.4351078729765752,1.9057867492620093,-1.2904093001471726
310042,1.2305054882512543,-0.12003613834250287,1.2605175840406517,1.8142094831311624,-2.004040866915982,0.8913138344633057,-0.7090212032282193,-0.47477974534734846
310043,1.3014691603744155,-0.8599323300220113,0.7045862187418019,0.3773807829434376,0.36388562630911286,-1.3218830282780567,-1.9021970895022242,-0.3542173442178095
310044,-1.0608107872976125,0.35087545256875796,0.2577422908138698,0.5157792659830144,0.3383955599034088,2.1481585652505437,-1.7162690972521366,-0.42811828527918805
310045,1.6355766289817095,-1.2145822677757236,-0.296132799689335,1.818225561923829,0.4667596090080591,-0.04986990501370929,-0.3281935582672485,0.26621250332320245
310046,1.0049934049905662,-0.24471175358599026,-0.15113849674845492,-0.1169465193435419,-0.06642982525873263,-0.682243585519372,-1.7217311389927832,-0.5673858360392438
310047,0.5437956866705883,0.2366655594928657,0.41548459903078805,0.5954605660651876,-1.1415247592268902,1.523679166870236,-1.7363754354865102,-1.0079678284858093
310048,0.8218259153801546,0.496515165884348,-0.7193334517268757,-0.12976319722814783,-0.505616693263558,-0.0920709384713857,-1.6083897937073146,-0.4122074489548306
310049,0.06286493385568367,-1.706774081870682,0.538784535397316,-0.7911906763348411,-0.32284432177862915,1.0431556748750808,-0.4795567394129438,-0.03721605505224316
310050,1.160503225997685,0.3076837647347095,-0.6085603916978594,1.4299267190551808,-0.47557424168797185,0.5627097259259044,-1.0873547535764978,-0.14451316969551026
310051,-0.25338426091240623,1.1629226718668697,1.2254565688698884,-0.32808860363653775,-0.30922201927529447,1.9154936518010708,-1.469468507564217,-0.7273261607389724
310052,0.1384198127618327,-0.45012865879549807,-0.5364930279525935,0.6864448130723357,0.849111555677209,0.31728139625861734,-0.8795022226943063,0.2165918208199677
310053,0.4160835879546604,-0.9192114738267005,0.9747613198924796,-0.38699745298588195,-0.04607505687782524,0.0845768711170923,-1.4290926326990387,0.20995038842268215
310054,1.0170493111896362,-0.18198326747707982,0.8802120193897537,-0.5075330099403436,-0.3146099488363508,-0.34776791685884817,-0.4026401833473946,-0.7181038434313171
310055,0.15313903234573162,-0.9639915862728978,0.46397169955104883,-0.9909176309810857,-1.462865347379014,2.4570947457960064,-0.6827309182979889,-0.40027946879908183
310056,1.292424574483595,-0.4699213458696535,0.529593545812257,0.6924288887664642,-1.3120994629857738,0.6291187663995013,-1.1150157275985906,-0.44593482940834067
310057,0.8842091637523717,-0.9269252176277633,1.5800959692308492,1.323984854423895,-2.104482919767192,0.07224950193707673,-0.17067690667572016,0.7520909428480219
310058,1.5737278386012468,0.9284473224324039,-0.13373292118881855,-0.09990424722598652,-0.8878956569407811,0.059943081636772935,-1.1110501868663532,2.011079167098269
310059,1.5921493175931225,0.3234995920556909,0.987262801806676,1.1685381937149362,-1.4134737611859123,0.6564547891975285,-0.512291631600966,-0.32036166381330977
310060,0.855563453554746,-0.4253712718066275,0.7467195788629807,-1.1069729130575132,-1.5653725611326779,1.0741435240591812,-1.037029474913047,-0.4807604137008843
310061,1.3514331607665637,-0.2532957636210176,-0.078945064376052,0.761133921441279,-0.34683409160913925,-0.5832034664372131,-1.3166394519300753,-0.5532337386319311
310062,1.3489360568630169,-0.6867526891695245,1.6265862072135964,1.8527162320675086,-0.47536666365653935,-0.4686446808083585,-0.7339958397227068,-0.4078923267493086
310063,1.2281349936914172,-1.868934512496757,0.8696591756919136,-0.0729088553074375,-0.6375544845970241,-0.9949940021559909,0.31526322682319724,-0.10398241608355845
310064,1.2548748080861896,-1.0592860151919397,0.5515977147074465,-0.0991509846008388,-0.5609271085132153,0.552820846889011,-1.2712789183067743,-0.576452847483317
310065,1.6754966277912795,0.062367882708581596,0.9755446073544908,0.6349991057891995,-1.1158680603106153,-0.22822194747071306,-1.5701961187287057,0.2502347750336302
310066,1.340501011009979,-1.1763790109641628,0.3255309766732245,-0.8195518341858029,-0.6270340273774816,-0.3589442127494106,-1.4376953064560554,0.07798057749858119
310067,1.706724110380392,0.447135193353673,0.47891135555466435,-0.4691019328333813,-0.10687125744285524,-1.2109955473279284,-1.543669830522231,-0.9532616033333212
310068,1.339163948923066,1.888783254486097,-0.2380818954558582,0.9270838553270139,-1.722908475165481,-0.3024834903014205,-1.4098664595376873,0.5566056305092557
310069,1.2616309239929862,-0.8142590401285891,1.781127506973907,2.065982756930588,-1.591520426698359,-0.2931890481195949,-0.7035652221523674,0.4572712711971281
310070,0.5288387101726425,-1.4872734307165747,1.6829745818086987,-0.6020531805448891,-1.6009896360188736,-0.47492877162745706,1.1854887811119112,-0.12245490509255533
320001,-0.010803519590680433,-0.2918937732202032,1.6569086936341912,-2.45448827199801,-0.13609799757106497,0.3046695396698169,-0.5664564658064956,-1.2592789950943852
320002,0.6587739134601207,-1.2721835729948197,1.4000911823066051,-0.5754486328589222,0.12367687736901868,-1.2378870923039853,-0.7260161618109084,-0.17019407822923663
320003,0.8831952263794841,-0.8813790669437594,0.4751796147186794,-0.6277870920400268,-0.4196551693119421,-0.5743644203346681,-0.3966855385604807,-0.4035803171248547
320004,0.5218455351547693,0.7971270090341553,-0.7099529090636724,-0.5618996764214061,0.6657781325981826,-1.242564353237188,-1.1783558339862443,-0.9983780094153346
320005,0.18967372758980922,-1.9441454202365194,1.888109419230325,-1.4853724124252812,-0.41903416228432694,-1.2649169410122874,0.8957651555961836,0.06935505906429834
320006,-0.05746226235327011,0.014786059263003607,-1.0458858999159302,-0.8031960915043822,-0.7215595547554007,-1.8332781865088081,-0.02310941546053705,1.1622926119675734
320007,0.11124002029660376,0.3140774592576803,1.760827684919795,0.006814558812790317,-1.0102651818410728,0.8810561613162046,-0.6436971314699496,-0.4650215584534249
320008,1.1011828584239913,-0.6447044748046948,0.47867628303862086,-0.0688552443248301,0.14733577166169165,-1.2926098813751072,-1.3434609766079988,-0.4493226087114735
330001,-2.518421608699969,-0.9205142455275805,1.1357345155297949,-2.4398716374799343,0.6060016551240366,1.6862122629730611,-1.4501915195441304,-0.9307748008013762
330002,-0.25796051121033875,-2.132280257978505,1.3748930360458103,-0.748988811651012,-0.19763147400880368,0.21819556780703694,-0.8563374089698301,-0.882186722130998
330003,-1.5375360969645935,1.189903107015189,0.8696953853021825,-1.4804351056390386,1.85308137901284,-0.11532232786901322,-1.3039980649268592,-0.7335651154965297
330004,-1.2056486635069525,-0.10760388375691282,1.273316360879803,-3.2356577785567793,1.1301249383602587,2.46848852424966,-1.168265991271735,-1.293588623121336
330005,-2.059107265591858,-0.7872487913168099,1.666012001458465,-1.2705760932018084,1.1491830354403207,0.4900011462340995,-1.3075563861129158,-0.9898866718306435
330006,-2.127152353787979,-0.16232860205774036,1.1988090843378973,-3.0782911596630385,1.0967883787619346,1.9081483298042647,-0.9432855898390617,-0.7504189411658975
330007,-2.2456283214594395,-0.4436216305018847,1.7666865497793136,-2.030806053733764,1.3211097354270045,0.9538863345612426,-2.04589446204026,-0.9246537924644933
330008,-1.3319826098292349,-0.7425331077189486,0.3597680729894501,-2.6613354664796622,0.08884588904632688,0.585614293269349,-1.5433829377253923,-0.6016818127770025
330009,-0.7062448992432905,-0.199819238610436,0.9438608272000004,-1.8814643818730024,1.085930197346513,0.6750440550381797,-1.9777505556600024,-0.6098931005119362
330010,-1.4787820891845136,1.0128710155579017,0.764306361504381,0.0836655847369401,2.1286718663452655,0.39547117364252155,0.276239678225017,1.3357038873584959
330011,0.711594146242778,0.009793028594545203,-0.36873898410916806,-1.2549751138458862,-0.39357348934593417,-1.2157326761127278,-0.8261059947431282,0.4906037994365478
330012,-2.9267120415123733,0.5175775657251628,1.1001112762871383,-2.2648828955488067,1.5491018092587179,0.26474413603892205,-2.4857922711703253,-0.7783430877721783
330013,-0.03314091750002927,-0.9142591340944329,1.5446255788879857,-2.1773959413490354,-0.11649267582669669,0.11669329796849988,0.0695740118205662,-0.9274441993630973
330014,-0.2800001464009048,0.311327630858765,1.6633300188915594,-2.5025063364357387,0.8396272401278375,-0.6963305202269501,1.1259109841047543,-0.9631428305036129
350001,0.9881335954990212,-0.12271528939134964,0.3105483760920118,-1.3756252625366399,-0.8554863094950012,0.3118815383456746,-0.23950471776913038,-0.738328153693055
350002,1.4918737231333614,-0.5913114658731979,0.6694348150391722,0.5267674160848353,-1.388012966431643,0.8982037974103169,-0.8078401131035317,-0.481501809390408
350003,1.3410401942723675,-0.5745346013044456,-0.13535153404699274,-1.574264582032495,-0.4651584002905415,0.3430592001879802,-0.8268777374147622,-0.510889403907466
350004,1.1452954664869794,-0.657029292104773,-0.6138973479952538,0.1285148730529047,0.05702611669912006,-0.8286102382396591,-0.7283619270916177,0.22285362122555405
350005,0.5306519240593224,1.169676731882195,-0.46355153019862594,-1.1233707786525449,-0.04397623300498199,0.5966471375295197,-0.3014537457369704,0.012776543327282782
350006,0.054671734067357716,1.1377891525103927,-1.635229042113647,1.2260363002842782,1.4891762023182773,-0.2692224936159506,0.8245899047755403,0.7000654189626204
350007,-0.09800928273595297,-0.8005894132432299,0.7621140984419992,-0.5806097614224064,0.8465747978163292,0.6044545178917482,-0.048354673185098306,-0.569986933906927
350008,0.5389963180795188,-0.24444586496764875,0.4398939995922553,1.1154679857441423,1.2419239708034122,-0.8470789221984454,1.0612558752168497,-0.6201897347608987
350009,0.236534414486707,0.6253390729113008,-0.515697545580949,-0.21442056482956265,-2.0578100840921603,2.1879494610444223,-1.2467409285399023,-0.4510563784992618
350010,0.4187749205262084,0.18948500477523378,-0.9055982968925756,0.898719046623056,0.26617578594250496,1.432031711237277,-1.2521675901036258,-0.16563853368258433
350011,1.085053316187805,-0.664857230723389,-0.02786531596405905,1.395258074272557,1.242494819018005,-0.4233447239001727,-1.3147443744305312,-0.9084337138286978
350012,-0.06462060496519333,-0.2995742010391894,-0.4076486748383943,-1.2592879736757654,-0.9161892994683558,1.8528697714205533,-1.8337359076666602,-0.04126943628662827
350013,-0.10546287900239962,-0.08735588812433871,-0.37705628188932483,-1.0626286822968332,-1.6699254543308384,3.7770787782440283,-1.7328750172512457,-0.8632835776870615
350014,-1.5684288036394929,0.5009107029453735,0.2780829439066611,-2.3645122120352284,1.0442957068859595,2.213859272448136,-2.5088886197439475,-1.1368500927030167
350015,0.8563057751578539,-2.151820334264067,-0.2672483572614707,-1.2470053485189485,-0.6910095417400567,2.036608624854899,0.09736933344975486,-0.21091336869283303
350016,0.16890200099540595,0.39278128599465495,-2.262943792549062,-1.863114617595025,-0.3031351602168813,2.0595055651459995,-1.7938122369897198,-0.5980157555520673
350017,0.11255344575193656,-0.38171127066417837,0.8014390728811585,-0.9169808554697919,0.8240076380998308,0.45801174659819477,-0.7367724294492473,-0.7676403291632613
350018,1.567263879611365,-1.4643558879465315,0.9842092772176824,-0.6849792390287558,-1.02593239971315,-0.09673520310873825,-0.9376971258287281,-0.4585275781867875
350019,-1.1295463676244304,-0.2715982109044851,0.40289190068503156,-1.775634147548848,-0.6162669400838973,2.276892734776002,-2.4561284955341005,-0.5140826214994497
350020,-2.653239121749436,0.6021887103760594,1.6209081519013073,-1.2443677395444817,-1.790222949638102,3.8285976310809504,-1.1087199515622363,-0.05266369978994128
350021,0.14148664465156124,0.2545179533710082,0.6170110779643466,-1.087244192902642,-1.7071504687423404,2.1352120602859976,-0.4071820765049436,-0.09796047202615324
350022,0.8773161479094559,1.0193979050713486,0.7553708201593948,1.8677371034319723,-2.7150328335705938,0.993321901549072,-0.32124784556994584,0.4377091219125845
350023,0.7218717811181486,0.4027145333736436,0.7477522291320311,1.181150876887418,-2.255775672495881,1.4323452697733552,-0.32774993901248495,-0.129134026977084
350024,-0.43656076136878935,0.3061842233713046,0.8943566968119177,-0.996934965342017,-3.0269670063765344,2.837570524186992,0.46930102607634916,-0.5152003135493728
350025,0.9089557728254524,1.4152229209697127,0.5763836882574958,-0.0435665973591474,-3.6636331789953727,2.154807396904165,0.04999851043206112,0.612672958802365
350026,1.4550816091360836,1.4381826095018297,-0.274253008076037,0.30056506001318767,-2.4406380974317274,1.4274383734351537,-0.7378634586167931,0.20816873455999077
350027,0.9168576938916406,1.5188945961780882,1.2211264089471114,-1.8179583977212879,-3.598669855928288,0.3876437844089644,0.08125328455952462,3.530257511347643
350028,0.5284931155871512,0.4601428579442941,1.0522382791861602,-0.37070699761697307,-2.990399178717001,1.754186803326616,1.5539157101924514,0.6903444159493702
350029,0.8856525992846599,1.5323340497732294,-0.10307794345668751,-0.4749520265041488,-3.3245677294791762,0.5027695513172922,-1.4679790312594192,1.4732396856801657
350030,1.3674604782801782,0.389636338413774,-0.3849968314176129,-0.06596288197547688,-1.038505777706196,1.3671032961161145,0.1833288710773793,1.3828811797438012
350031,0.6959199770792417,0.32465927796740196,0.7600074565122736,-0.24010818722088104,-2.814300199688615,2.16338155417107,-0.5295222424328643,-0.6802794978960655
350032,0.06915585644358288,0.23266199345921612,1.245143817932435,-0.9550798782409812,-3.4391534116781117,2.1300598917526097,1.545049976757451,-0.8739435572296813
350033,1.1573960389641031,-0.11632145030307149,0.9259826420043059,0.7653379702016945,-2.097473562367916,1.1128957792968313,-1.0110994652120746,-0.3647056961758353
350034,-1.1128519676149913,0.16823188151601093,1.307167769949966,-0.24253947677062254,-2.6816789809046573,2.0266703186516395,-0.3337105237683144,0.578661161307453
350035,1.042756279486617,1.9312165706622066,0.528412795832662,2.3702880651950884,-2.9268786475380515,0.6839167464176502,-0.6235067759207575,1.1151865855966712
350036,0.876293198050863,0.030871337895334902,0.5112249698140522,-0.6671119175196544,-3.0270124058709653,2.3090609602552266,-0.2668428044348098,-1.0069931427583925
350037,1.310002823765997,0.4013127503500905,-0.2053866264501459,-0.8735581050332197,-1.906480910623169,1.4514352513813606,-0.6540160405748371,-1.2005350965035366
350038,0.8360500108956483,-0.8929606557521942,0.7703394425529192,-0.7896726744384654,-1.2462517231172847,0.28110459964659945,-0.789468623866837,-0.5620964148067191
350039,1.341805506483266,0.20121273310555698,-0.12667875139303914,0.5234076535688269,0.5237011215815254,-0.6400489697491876,-1.1501737547514381,-0.31859740084689125
350040,-3.315338651663235,0.6642455597740838,1.3054416380890772,0.5355908878933695,-0.6482521499887477,2.104070744716706,-1.8162093744354961,-0.5079282784096781
350041,1.4601920195852733,-0.763381303657756,-0.4588170377743276,0.583519424413492,0.21294055024534575,-0.09508118729874637,-0.05919788790677985,0.3770661433334819
350042,-0.5187531128496026,-1.002700442337573,0.7858917069448477,-0.059253187857497266,0.029624257087293302,-0.31538496001933036,-1.731877828876313,-0.5355120638757231
350043,0.34225562506356766,-0.9846455031063679,0.2983303396497988,-1.6407807690253493,-1.5140109077560322,1.6171345246515958,-0.8354590543444187,-0.48565293836785195
350044,0.6477535368697533,-0.30482146531919174,0.2541192955597999,-2.098609956511705,-1.0300030238112616,0.8912423544900713,-1.6686835524190406,-0.994329110458421
350045,0.8547016412492502,-1.2568814520517675,-0.004557121586381711,-1.7594270469902809,-0.8001682464350045,1.6823378304285534,-1.4628204320335074,-0.8040437544655465
350046,-1.405890598199363,-1.7586069820493337,0.729983615979087,-3.119571556799262,-1.1919767853824803,2.5098181375131507,-1.0011017029435079,-1.0958768271961552
350047,0.7262054414031901,1.6739077200825359,-1.2342840317063863,0.23144899634195318,-2.287539285619377,1.031600777433063,-1.5223044979375995,-1.059243338601583
350048,1.1815917662665698,-1.0655823767234525,0.10240074813977644,-0.7232584660301382,-0.4805070826885263,0.4212784966202773,-1.4376083441907628,-0.5738452177025518
350049,0.43280537895031423,0.026806140513007042,0.6023871721672169,-2.5996716755553453,-1.3542096086478603,0.5588971057326186,0.6068061704389357,-1.710115226296471
350050,0.5103214076007849,-1.3147479030149507,0.2563304716111024,-2.852857132852416,-0.5255101610684907,1.2343934978704205,-2.4640475971903837,-0.9009862618620164
350051,0.8740544928373124,0.34861379176131413,1.6188995104153747,-1.116162118586183,-0.02260883557524441,0.17916088993079524,-1.3030103971021427,0.18748496374517173
350052,0.40355190430199356,-0.41320247686672734,0.0685020526460436,-1.2454127672581303,-0.20558444787935617,0.3946478934353833,-2.1296629181850752,-0.8314433154319939
350053,0.2590448057078438,-0.8784214850678215,0.5891335001265795,-2.138774177648713,-0.06873788155703314,0.3768830601155561,-2.0190883766066845,-1.0311051293771436
410001,-0.03180826750879071,0.2687042916739472,-0.23019577054262932,-0.8274969072892553,-0.23486595909833555,-0.05759377295657454,-1.612569681188956,-0.18774598381853125
410002,-1.1594703416136947,-0.21703360080642353,0.41107537581272385,-2.5097309950695137,0.5085032338929596,1.4645858755582066,-2.976562939261572,-1.0195348398601332
410003,-0.23184215952087542,-0.10116198979315258,0.4310526509253835,-1.0790540195903449,-0.13167989465254154,0.2462340331966004,-1.3893664933898129,0.3438310495244815
410004,0.9922177630977591,-0.3506486466152952,-0.7583486325801717,0.241422083939842,0.5902518349024715,-0.1621645128297621,-1.2401268448747869,-0.5339290176442715
410005,1.3082130109014187,-1.602659760403289,0.0431002683250592,0.14363939906421133,0.050160447060875836,0.49193596164659614,-0.6515887046350953,-0.30805955993079176
410006,0.9913493607006341,-1.4428133774978187,0.5631062389381263,-0.4495813436657053,0.1256244028932228,-0.6350686811007229,-1.324163714263421,-0.6033988663480876
410007,-0.8519990979448254,-1.9646003075689635,0.7474472865469697,-3.255584692527422,-0.7211262961219925,2.072827708562318,-1.788600166896434,-0.9104583296174795
410008,0.22449369109688877,-0.8822692109070601,0.04455802356972495,-2.8293400230372563,-0.26860367027245186,1.5852178103934935,-2.634464721522961,-1.0812791164477382
410009,0.8475447510248196,-0.29690960438068664,1.0449131187851202,1.1200751964357325,-1.3488243668473334,0.588209832467347,-1.2721030291988464,-0.6586956186253992
410010,0.8436896084567792,-0.7615134688777947,0.5670958811230603,0.07823606620835402,-0.1920736258756389,-1.3639059609998931,-1.2245858835517036,0.1485447196279945
410011,1.3503840007634442,0.08004969577832255,-0.895207902975811,0.7870857150924933,0.6735594882951603,-1.4962460141967329,-1.4264905533399153,-0.7486511561674988
410012,1.595960992788038,-0.31832432845747266,-1.3986971381894164,0.12342111869212487,1.083263312405771,2.128060015643371,-0.6884322055687403,-0.7973807232705079
410013,1.9690420273819924,-0.7240457315847119,0.3772155693895027,-0.9855260810880843,-1.1494740922302085,0.928831855766969,0.12670521122040054,-0.7653292860507673
410014,2.006822664427561,-0.6017963144103574,0.01132471511676735,-1.3906846857079516,-0.6739643234887277,-0.2815142087234936,-1.8442344030532842,-0.7608789229474944
410015,1.5986215270226247,0.39748375462350816,0.660046957821995,1.5254128413199486,-1.9990793383552115,0.8038754707512781,-0.819605920127817,-0.5748497934830384
410016,2.1812109267644018,-0.917443537953023,-0.7379863094475586,-0.9661580909352292,-0.41240100304001737,0.5066865248151398,-1.333809407421473,-1.146091115139579
410017,0.951929091674223,-0.5977067381653326,-0.18967999682262904,-1.1274394554443317,-0.7778772952402986,1.2612600298542653,-1.6257297905825032,-0.732604362023471
410018,1.7942438069288817,0.02836617696897938,-0.4330982228709508,-0.8463485746730035,-1.0002936146118089,1.1275008355362048,-1.6925797676792624,-0.9720041268632107
410019,0.38393111834209065,-1.0277483630576618,0.1397918121840211,-3.261169566197848,-0.6535957897885035,1.4867629849911026,-2.4227626602458256,-0.8762558613489114
410020,0.4976874612501699,-1.3304754373533973,-1.0921693810517934,-0.5772808875871565,0.5016408647478677,2.7678575404217423,-1.3431035696045255,-0.5977249474284562
410021,1.7436248372763887,-0.6787339395563122,0.5179486989934954,-1.3647572657544687,-1.1706511631915295,-0.5114735682675441,-1.4148630726024232,0.23143193969327186
410022,2.12936808841181,-0.6259049325878917,-0.057363023946370564,-1.2104891293238438,-0.6161750712606687,-0.707137847136344,-1.9558463735223852,-1.1091018727700575
410023,-0.24319004187809667,0.26145905141336717,-0.7402325714975333,-3.390565649029783,-1.8388126251975572,0.47456205772571297,-2.4967169481740794,0.4464913698504356
410024,2.034052187617927,0.5516366352297863,0.19347783607574823,-1.6223487974889874,-1.1843147818706883,-0.7818613799306613,-1.4319778270980472,1.0863477639645567
410025,1.1650499464927493,-1.5285580050201852,1.2980618163799051,0.3970797124617626,0.0002934240770062084,-0.44065671949978014,1.1655440400308543,-0.46039488723436717
410026,0.5586042019901296,0.5222684412880497,0.17692831746777024,-0.0950165389146567,1.3191299778030885,0.09012271683435698,-0.8663250440901512,-0.14930107720028687
410027,-0.03648673190894191,-0.2606539359391948,-0.53816917122642,-1.8435379646187122,-0.20077104552928798,0.8988533364187752,-2.316123953294587,-0.3571544472617074
410028,1.4609285261756486,0.48421015264549416,-0.03440314458618836,-0.8452098646637467,0.11596551925460058,-0.2756550214012668,-1.862221108788675,0.75358265425176
410029,0.49909494956741485,0.18148248124997546,-0.9754653855238842,-2.313329570693525,-0.25570325715768366,0.14457143279598966,-2.36584737270137,-1.0940927834410394
420001,-0.5469139144054397,-1.086273483618301,0.7740218932743149,-1.2666625309182893,-0.54421094263472,-0.5622300754913973,-0.20558377975918082,-1.9478273159097235
420002,-1.1388390556208987,0.742237621429368,-0.8572683824095342,0.3224229558732417,0.19011028912186564,0.9605743096108369,-0.35592347629726956,1.8038985642788194
420003,-2.133956284255115,-0.04965365042393319,-0.8785788859402189,-0.7453227350718205,0.4325824913290725,-1.0064123156031184,-1.2717330349056308,-0.14011385581993677
420004,-0.2735991586504591,0.27037972895794105,-2.1904195682557015,0.7484945655206106,0.3406267927469666,-0.23576781774496605,0.22424787883098468,1.0733812333309425
420005,-1.9133753471072705,-0.25322687938840005,-0.23892265908495233,-0.4157170146168718,0.5965582687336325,-0.003309269974460352,-0.9475437168517572,0.026767562901757837
420006,-0.5517511860943867,1.1085715797768605,-0.8244155502329114,-0.2815521619996989,0.9724374088792355,-0.11648784287046927,0.7410412646699395,-0.006879121654156013
420007,1.7983908510293618,-0.3231321945046704,-0.0699699689836826,0.7263679441794799,0.6691887569686038,-1.0841374141760203,-1.1719506584745114,-0.6395076697247901
420008,1.1313094219333975,-0.05597036339095841,-0.685850778172229,0.2623011929641415,0.29933454455760955,-0.735830301571764,-1.1935037219724016,-0.5472882224428349
420009,1.1475365790087473,-1.2327030051826762,0.26658497341860427,0.003754006881924458,-0.25375348642604917,-1.3368003554027803,-0.5247076771897282,-0.17550420725316254
420010,1.982956753004514,0.0833422310805429,-0.9735846500566399,0.23460111572388084,-0.12617286987734158,0.9158068792116109,-0.07267364466054141,0.2530182021102143
420011,0.6406456677689893,0.5473233205629704,0.8954606829206124,0.5235793368162244,-0.9834388576912393,0.8487588083124039,-0.4843679141012081,-0.8730864556450207
420012,0.9116183920141095,0.23992758178541565,-1.106032616101638,0.3546978774401392,0.9228182077523212,-0.7247247749388495,0.1595994771049697,-0.10042348708293834
420013,1.3906790067285013,0.462642014700927,0.5543977075102217,-0.730910064400984,0.8763868135307332,-0.6902880478010749,-0.2442575938283838,-1.2328849206331756
420014,0.3021671109206536,0.5123122273523301,-2.569758613927459,0.8738015935318054,0.4948504374493014,-0.9471682511586763,-0.253186279172169,0.6066741560286638
420015,1.2943749420183552,-1.0256069317495873,0.5063424395237918,-0.15961341347198094,0.12244958762492189,-0.4860154587835839,-0.8870382679524522,-0.6889578825395966
420016,1.755363097696069,-0.5787911856950891,0.25285602770824217,-0.5970933560224294,-0.3233359800313333,-1.0059622177769019,-1.7975953345831406,-0.48892727273303827
420017,0.6873031629565722,-0.1710080610896742,0.07537441640008352,-0.9813637579338597,-0.3786545921336215,-0.09560913263842653,-1.6617436175577618,-0.45789369914336386
420018,0.43521722786256545,-0.5152592066437673,-0.018192968116841225,-0.568418410745616,-0.3319299289382404,0.35776956377633623,-1.1207659133894863,-0.18817654412047022
420019,-0.7060650219975089,-1.084168953210394,-0.7517869578585405,0.8144694318713525,0.06299290958298204,1.6361065402730612,-0.3343496159456111,-1.0378354114594925
420020,0.4638049104592346,0.554374056887752,0.49180559727028667,0.6025756543228111,-1.6490661822018045,1.568317610831494,-1.6695135463350168,-1.3754544706277052
420021,-2.3843936229124143,0.9151751305527875,0.936456398968434,0.7622267211035385,-0.4930721882107166,0.7969196711825979,-2.3025863216165865,-0.48090183540054066
420022,0.8388494806209185,-1.179858601972004,0.724386693812758,-0.04481235252322,-0.6912311869173213,-0.17884071282260106,-0.08728397391660321,-0.5395308852524504
420023,0.32624599943947236,0.6608504561904196,-1.3249381351819196,0.9482936539226512,-0.02158168173584686,0.09688994489324754,-0.5973875497438824,0.7399697891241735
420024,-0.9712599128027591,-0.7278539482883238,1.3601180315322237,-1.1754095766966366,0.1685847571523704,0.4654631476250952,-0.5495041876045991,-1.1999817718260513
430001,0.6038103758708778,1.44156982475191,-1.6297688037437466,1.1542623067085729,-0.2508773142464909,-1.9715136259066277,-0.40182277012173656,1.1280554533322509
430002,1.5201043700347872,-0.11108687392276377,-0.18357244607763704,0.4885206233922327,0.46686665871213473,-2.476480462406058,-1.742789254608657,-0.2973854035586473
430003,0.22143398504431894,0.4885978731850279,-3.244759413418072,1.5457050291682055,0.4527211403561013,-1.1597061695831488,0.9790680430300224,1.3395909689044467
430004,1.3080854130887367,-1.7191381884624417,0.5158061885347902,0.5621929236296966,0.038742557702999135,-0.7932700867990805,-0.18277938982100808,0.026168668824225853
430005,-0.42160804020397274,0.9768284425700361,0.07940947642497344,-0.14165446724246858,0.6386307394782034,0.22448220446751715,-0.20291576572876047,0.5613494350250683
430006,0.614435681151937,0.47618701010744025,-2.505032581230292,1.9012501412563945,0.26572233002050316,-0.7104700093883977,0.5311581181621438,1.3867547776417877
430007,0.6506572514282603,0.7588225496680521,-1.7657909794725146,1.3551104648002352,0.05751337159806302,-0.9484243855697503,-0.20855346077157158,1.1735840848146548
430008,-0.104936900948397,1.3775022604146097,-2.0950643677317626,0.3383008415913406,0.6371000440213532,-0.8231394151082395,0.7074406468108654,0.35410203938707596
430009,0.6399074605000536,-0.7923830750059955,-0.2348780131005636,1.4763633020520097,-0.7806972857694606,0.007928084747371899,0.48812985912816603,0.9933272969017267
430010,0.7382250480081545,-1.240451458152027,-0.06200747293082832,0.577248619080811,0.026433935568305415,0.15081819563848264,0.3245135968969471,0.25325346001312793
430011,0.7639896454581778,-1.1000668290308124,-1.4126690371275625,0.9944590935939339,0.1662299432225148,0.023152588917110518,0.6179999641556089,1.0120922221267858
430012,0.2959624320560903,-0.8835606306898537,0.8516678152592988,0.5033910312569754,-0.5019117598304166,0.3904606404545754,1.0408404395253568,0.8269290181350755
430013,0.208946671837332,0.9462385940375682,-2.702209786709452,0.3973050202952043,0.22934961909854773,-1.6637996564792057,0.20234116578800168,0.9002591170167245
430014,0.10996016663685196,0.8868169162093523,-2.5379574698677105,1.4034170194933226,0.6624802923192393,-0.31201867681247747,0.2998640177748521,1.2401316368121371
430015,-0.2751081276780139,-0.8148606877054447,-1.4372908607085921,0.6125771978904649,0.34774515239491044,0.10611774936369517,0.34355340767782755,1.2220992785288258
430016,0.49485983814381734,-1.5947713254790963,-0.2647048183783547,0.7468882059521617,0.00021919410829406884,-0.02577058440085604,0.7411386501794672,0.7608119637353682
430017,0.17553611245941098,0.7681074682696444,-3.229666885221528,1.534124664826191,0.5299414730302203,-0.5909479880646079,0.46703735597004065,1.4214214221497314
430018,-1.2263074654266486,2.1291949578570155,-0.9068827001680156,0.4301926592725587,2.0682585380511167,-0.06582955275923494,0.16417605941290508,0.6441236082653949
430019,0.3733410344450839,-1.2089470693169724,-0.08473320432922969,1.3051011962604027,-0.8302151566830913,-0.07113752752871653,1.6838992442352412,1.2747646649019622
430020,0.9769253331135379,-0.5152319243466315,-0.7380837090110982,1.3059342156192877,0.31814795767424353,-0.048605471712733925,-0.1327215873285505,0.2717500466511707
430021,1.4740534109943852,-1.1391859825894426,0.3703926714328086,0.8568906838327387,0.6502605523928381,-0.7522834065682453,-1.390410631543265,-0.42691027618971467
430022,0.16782240054462794,-0.6927552508714834,-1.6440761904877406,1.2186724136900504,0.29215326490571314,-0.6525359856325561,1.8959551084804807,1.0524152899404282
430023,1.0610320528346497,-1.7439463995445956,0.6321924067195068,0.5839766929986029,-0.2659474685103531,-0.041275295152363736,-0.2290564851690168,0.20682273537757678
430024,0.7140905525135955,-0.7443801532257317,-1.7061333162824264,1.509688227591122,0.10458413754833175,-0.5297586527905035,0.5630994940923871,1.080342372307721
430025,1.065812279913864,-0.8464700052617093,-0.07956822583689635,0.8556160011909973,0.504584902081752,-1.397113113414478,-0.42418649361642985,-0.12566260646083963
430026,1.1610260917140796,-0.8446920444678393,0.31937551569066414,-0.3890851246127249,-0.11215264432854043,-2.0865807222254267,-0.3775273132079619,-0.47571102765902196
430027,0.7315172963067978,-1.4249252193171604,-0.1999415772595947,0.31343508354188543,-0.0514734299562231,-1.1256090463434336,0.6999911761039024,0.21557834246208976
430028,0.860404497167344,-0.7905209366047978,-1.05397006189815,0.792557415889721,0.20131094003006259,-1.2595436610174644,-0.466305042325111,0.8199223125559141
430029,0.7848747477756586,0.12987261168238293,-2.202192508367694,1.3876870672891952,0.4836406323721479,-1.737894350593488,-0.12681286126654387,0.752150498432157
430030,0.19959764633253263,0.6320450267592104,-2.535242019395486,1.3974763800974463,0.5398722025744555,-0.2988357075197078,-0.013573554179162478,1.2191426648096637
430031,0.028318961108731607,-0.9930678049364996,0.20098478363381697,0.33825465388773845,-0.000851100932802306,-0.22529554483029285,0.6031140800794188,0.7716435570428456
430032,0.8084396117579852,0.0576122481788335,-2.020604021105089,1.4360800743034436,0.2604988867187636,-1.09759842560954,0.04054675413150774,0.7309207306252825
430033,0.86859146154696,0.0231111571543439,-1.9228117690294346,1.3633092441899026,0.3110187510390938,-0.8940461181628402,-0.2727368936247216,0.566532028532673
430034,1.238132563246313,-0.8865624419226067,-0.7397027413335614,1.012961293409572,0.3111805173060915,-1.2016361299428187,-0.6622760647332313,0.486437326635003
430035,0.7864630579164127,0.5406020382002469,-2.0309180800080116,0.7968319097376015,0.3844928318075201,-2.8052591401058997,-0.9814089698583253,0.3632569492081464
430036,1.0518040488460916,-0.8488047616675334,0.3088039781645296,0.20622197364070963,0.4553536673393381,-1.0679692314459477,-0.5760427164176664,-0.3203515390292609
430037,0.12618502843851087,-0.24259929275948433,-0.862307181317521,-0.01137633931888241,0.11211626528757894,-2.177913939944905,-0.9448559344124785,0.48907751884008027
430038,1.3861584501055284,-0.8792624395963426,0.044002729657836505,0.2809547542756108,0.18380558710517217,-1.5191185956238111,-1.0478675473871615,-0.28280560415584155
430039,1.2194181077132549,0.042353761900500615,-1.3772087185015502,1.1034472970963034,0.6194189882988113,-1.9074252790340416,-1.0907298148796067,-0.27334766283814504
430040,1.4965798871500464,-1.944066515100997,0.4303691298669726,1.1206217559936782,0.15238122342909216,-1.0025959932241075,-0.28825405367794465,0.2644857412161505
430041,1.5804213763703518,-0.9279301134338147,-0.27377056599799077,1.3340156728155452,0.19259170707306175,-0.9486327652384601,-0.7676351389011233,0.2798365550557172
430042,1.6163211424769306,-2.3944581673756162,1.2028141478035286,0.6712273663476486,0.016936165545508503,-1.3744768990173801,-0.5601693612605664,0.047438452229736965
430043,0.05729688082708961,-2.5772262935927706,2.2736469774862424,-1.2225911112098573,-0.49595700268945603,-0.9701569410415313,-0.13233693257285178,-0.44494621757645264
500001,0.07256114734237985,-0.9007884777112796,-0.29930900088125495,-2.1535382277591144,-1.310955307941886,2.933720963810388,-1.4769623377887813,-1.3871318112318523
500002,0.1171018791820026,-1.2729836258686755,0.1871562747618479,-2.788979146718434,-2.087019771255999,1.5804555987848932,-1.5481037864708562,-0.07839153056276944
500003,-0.7036140981040779,-0.2550881664553209,-0.019767495911402186,-1.909488944475006,-1.8965593760493056,3.0997969125434492,-2.015403697320779,-0.7103161796735438
500004,0.0701047694601184,-0.8292099023964302,-0.11518875631760628,-2.9891259280837263,-0.373325931059339,1.937650836752452,-2.9267433263140514,-1.1263552333995839
500005,0.4685437709097263,-0.3057795516385289,0.14656950955545095,-0.03843728513093003,-2.4480737838785145,1.6475316879808124,-0.3454480508802555,0.17349605059235318
500006,0.49212303619766123,-0.8538817041487621,0.7142821674267645,-2.2623337285547094,-1.2244569460235761,1.8365702627004619,-0.49625865162839783,-1.5277309311264193
500007,-0.678306897058629,-1.5983348013391503,0.40744412541094477,-2.7069949161302906,-0.8276170017459608,3.0615895127583386,-1.483301892096997,-1.3402053916992822
500008,-0.8627073453713263,-1.0688867588001227,0.5406807353275725,-1.4760298765692548,-1.3852114341363049,2.1106241006127373,-1.40988203777677,-0.30713263417225517
500009,0.2440325806637748,-1.6605084568075643,0.05854440837466596,-2.7677860871137048,-0.8115754959668677,1.6972082365554628,-1.6247512710058214,-0.9646391485606773
500010,-2.9886048033872283,0.3821377684934683,1.2269713551681503,-1.1616277552237573,-3.4551811815262163,4.111752085090633,-0.41174805105612144,-0.17225294713101982
500011,-0.6274972774868466,-1.269344539994475,0.6083502145010805,-1.461123210295093,-1.416425140460311,2.542742921458999,-0.7808923895782018,-0.9728107796044742
500012,-0.16978549703614704,-0.7388719304057055,-0.08472594931815816,-2.215264186376851,-0.8876513295571277,2.3093565116835073,-2.109337003518299,-1.242106255158957
510001,-1.2639894495569242,-0.18843511496624996,-0.05871259691585656,0.36179201311315046,-1.9614576683052471,1.0231708443075211,0.7954245844317148,0.206760906225075
510002,1.4255356192801718,0.9725478125949922,0.5502902735123403,0.7800142815041687,-2.4056076211047586,1.5081869889841737,-0.610585597243935,-0.6390541728856216
510003,-1.9704059441142527,1.6953074084146567,-2.277394372035923,1.732330148684514,-0.42628748548091033,-0.4867389674697864,-0.041864650885692085,1.1916155635562797
510004,0.2763333653125242,0.5542794795286224,0.4064326161193183,2.162270427839424,-1.606599252748302,0.8287309380631847,-0.8180059003988659,0.25278293186155937
510005,0.7954495018035982,0.852544816842244,-2.895249322589293,2.074595056832876,0.3988637327661309,-0.714433008843849,-0.015182341257859593,0.5887758221915593
510006,0.7228471563849984,0.4447161072296069,-1.498203663123723,1.9446503241101885,-0.32219288910789606,-0.2444116834905608,-0.17508548139955965,0.49899458295103416
510007,-0.03152965922022109,0.38579848536699285,-0.054226513523216203,0.7518396494391747,0.11072552933621944,-1.3171713295869725,1.5017388341100442,0.1279387253663936
510008,-0.007216951028116928,-1.573285375190565,1.1120122597752191,-0.05481456979937855,-1.0719687618847265,-0.6021259862730974,-0.07077668767736803,-0.6749957704359812
510009,1.1055687515632504,-0.8129006160544134,1.0569056367838816,0.709336724557457,0.5384497561576581,-1.749349293564885,-1.3387582781929128,-0.8201000480250306
510010,1.0387567091990488,0.3569548532518137,-1.4464716723147097,2.0019392196811543,1.1384044330541696,-0.8858512392033322,0.08136683556248879,-0.3507393366897971
510011,-0.21793634638609544,-1.221753591907545,2.1760153439690844,-1.9448006504168358,0.37389195746801895,0.516171600538583,0.5132872468430978,-1.2998606549554566
510012,1.8125946192058011,-0.9263336799361485,0.09144626056645065,1.4873742096306255,0.559043482547033,-1.2352338521487143,-1.2290676792468527,-0.6379492820442453
510013,-0.18608204092292466,0.6506436713923293,-3.675977813629771,0.7336355513186303,0.5744347526894718,0.28405895459785835,0.6698880939466318,1.3597695717139449
510014,0.7591136967711928,0.2763863702460005,-3.335630072253422,2.2317276702410127,0.8035260260263579,-0.7017151883562341,1.0045424891730457,0.7452422562714219
510015,0.43727146045810344,-0.31844632445685794,0.7987684655368001,0.5271948231227357,-1.6566197804731158,0.435803502529058,-0.09269158391524975,-1.5603004360827684
510016,-0.563833040865955,0.2479591365245486,0.03151105018739648,1.2975558450325917,-2.571874002760657,1.1514850937247054,-0.07616078845045682,0.6343244793281917
510017,-1.835609965219578,-0.16867332319882283,-0.5310792953608846,-2.8422173829640935,-1.008955137700461,0.5176566288746784,1.1702675909762432,-0.44001165667292874
510018,0.205133681159656,1.0652964674813514,-2.9769158626876333,2.125597935114988,-0.2288173275030529,-0.8128404134254918,0.2961608202166534,1.4551570970853074
520001,0.8514775828495998,-1.0775082054060978,1.0610347204474633,-1.2171224358714743,-2.2390211775960416,1.6731145958053022,-0.46839749832939476,-1.1810035855026488
520002,1.2625239608259475,-1.46159018962826,0.9853914002721639,-1.6566426320496737,-1.5980216963383158,0.8014652928804076,-0.5112527585400695,-0.5498066694132764
520003,0.7396862491942413,-0.7787306613958924,0.30881668735105133,-1.7511520925298358,-1.7937193015652373,-0.6463001843403979,0.8071315973496092,-0.7159488867423812
520004,1.105159162054381,-0.9593448290523486,1.4177682383163601,1.4376888187368777,-1.3491919430704504,-0.625096602682557,0.3937929504699768,-0.08038570344125803
520005,1.1666891478853818,-1.7965382248469621,0.8551522565356211,0.8621115293334023,-0.08634108088643433,-0.7416725915366804,0.6713347112642742,-0.014079767772700424
520006,-0.25299390579840925,-0.3465374004523869,0.5077159990292279,1.3433154569091479,-1.7852031306265754,0.527834107202476,1.03323708027776,0.5698588765912936
520007,1.6819679707856892,-0.2995015203280606,0.5910191868551227,1.102112029191679,-1.6591577237351705,0.7620298528312333,-0.39140073487504884,-0.603926595594619
520008,1.2059604889999893,-1.6028703052508724,1.1757464022098247,0.009712900054299745,-1.3097733821794206,0.295933851783295,0.012821094472648216,-1.3271060546614557
520009,0.861725068841448,-1.305116783495232,2.0331012606075363,-0.4706178256270065,-0.5570303604915532,-0.7726779852961793,0.8219199501139034,-0.8832041687061976
520010,0.8516292142098342,-1.4816497274202818,1.608328288478147,-0.028973423284835816,-1.1549898364539484,-0.214189961676502,-0.5570707222819448,-0.8386939575268795
520011,-0.20078570585507027,-0.6282487712613585,0.5403478934934628,-1.169935579963604,-2.8121626688138606,2.161976937303697,-0.6359501982090761,-0.17066603885535417
520012,-2.6760330619276465,0.4405214334624693,-3.173911407336221,-0.21439458445093829,0.9154084195249447,1.3334517726790125,0.017890512872632724,0.5394028637482254
520013,0.7178944937176972,-1.1207000508087348,2.635310479828597,-0.3515175145752485,-1.2973682370186428,-0.22923386464538587,2.1613016280327577,-1.494521956996636
520014,1.1443750024628547,0.7575043157076033,-1.2892050417118568,-0.6130147618715609,-0.475248445383363,0.21314387537476834,0.14831889461761916,-0.9746782813867972
520015,1.2694707086575399,-1.5210352266810439,1.7766408603925279,-0.09580979721550227,-1.792616448794091,-0.5321196730184495,1.4016922358848798,-1.6159268855958773
520016,0.2805847744407265,-0.07185847652418333,-1.793287446396277,2.2217088558962224,-0.515148156982485,-0.5588409087857347,1.31911421777538,1.5340203613210948
520017,-0.11722538493963078,0.1176031637654593,-1.6304291724838715,1.0266653945984967,0.32157669194013727,-0.1719370584520357,2.697554842773432,1.2684534130038945
520018,0.7013808826297738,-0.9881862546294437,0.9599239476225357,1.6160630957997009,-1.0531602625307217,-0.2676985409049794,1.854861049164991,0.3933785926565785
520019,0.6925317235872217,-1.2686102082218043,1.431616182898733,1.244725755516916,-1.5156537645317798,-1.160743620407721,0.8518816814223094,0.25571534380631605
520020,-0.13387200733393412,0.2639485461380846,0.7747618059734587,1.4183143984233688,-2.352454704762704,-0.908429301200049,3.071624818682248,0.5879066639586636
520021,1.5821329709702794,-0.9276250542381196,0.7140996835182456,0.7425212347204607,-0.9269803612683938,-0.4784578811518143,-0.6533717679784321,-0.8105920235273871
520022,0.6852394841133297,-1.328427267661361,-1.491820942621584,1.9475642845490853,0.07290220446394069,-0.7731475803914236,1.2950952256672794,0.836458213967939
530001,0.5314077957155485,-0.5015787719807118,1.961968503104295,1.4273215086695914,-2.572388901949416,-0.7786365303421046,2.017591452511178,0.2127261977371684
